          000000,            000000,            000000,            000000,            000000,            000000,            000000,            000000,            000000,            000000 
  -2.264148e-003,    -1.126404e-002,    -1.559481e-002,    -1.870068e-002,    -2.157117e-002,    -2.288623e-002,    -2.022149e-002,    -1.699008e-002,    -1.328132e-002,    -7.251163e-003 
  -7.583805e-004,    -8.901929e-003,    -1.523977e-002,    -1.726747e-002,    -2.139043e-002,    -2.249632e-002,    -1.881844e-002,    -1.278741e-002,    -7.795039e-003,     6.865425e-004 
   5.465989e-003,     1.416805e-003,    -3.024291e-003,    -2.737181e-003,    -5.443554e-003,    -7.520826e-003,    -5.464254e-003,    -8.997493e-004,     1.577009e-003,     4.320228e-003 
   6.380092e-003,     5.531226e-003,     9.758646e-004,     2.770873e-003,     1.843034e-005,    -1.297884e-003,     7.444584e-004,     6.298216e-003,     8.706956e-003,     1.183769e-002 
   3.300703e-003,     1.188970e-002,     1.108894e-002,     1.539514e-002,     1.497769e-002,     1.685903e-002,     1.702887e-002,     2.030814e-002,     2.036038e-002,     2.166861e-002 
   3.897047e-003,     1.862707e-002,     2.032871e-002,     2.669794e-002,     2.791742e-002,     3.107474e-002,     2.976665e-002,     3.144337e-002,     2.947388e-002,     2.794617e-002 
   3.396400e-003,     1.510335e-002,     1.484125e-002,     2.032991e-002,     2.026383e-002,     2.300065e-002,     2.285520e-002,     2.627133e-002,     2.589394e-002,     2.703527e-002 
  -3.597495e-003,     1.744955e-002,     1.651325e-002,     2.483631e-002,     2.412104e-002,     3.209256e-002,     3.293847e-002,     3.985273e-002,     4.118393e-002,     4.977657e-002 
  -7.218415e-003,     2.338349e-002,     2.315655e-002,     3.465558e-002,     3.428888e-002,     4.626155e-002,     4.701751e-002,     5.563804e-002,     5.704168e-002,     6.894451e-002 
  -1.556038e-002,     7.033350e-003,     1.030876e-003,     9.135743e-003,     4.778802e-003,     1.789042e-002,     2.266211e-002,     3.675603e-002,     4.401227e-002,     6.808693e-002 
  -1.765347e-002,     1.195404e-002,     6.782278e-003,     1.724255e-002,     1.335922e-002,     2.917444e-002,     3.365438e-002,     4.858976e-002,     5.556508e-002,     8.124468e-002 
  -1.392718e-002,     2.747691e-002,     2.628689e-002,     4.134171e-002,     4.014764e-002,     5.778978e-002,     5.967699e-002,     7.255614e-002,     7.584147e-002,     9.582353e-002 
  -7.694044e-003,     2.989436e-002,     2.807842e-002,     4.276005e-002,     4.135096e-002,     5.600294e-002,     5.770578e-002,     7.026251e-002,     7.296645e-002,     8.929797e-002 
  -8.514340e-003,     2.168491e-002,     1.613044e-002,     2.848152e-002,     2.462904e-002,     3.792066e-002,     4.182536e-002,     5.725343e-002,     6.296576e-002,     8.391332e-002 
  -1.404417e-002,     1.705770e-002,     1.281380e-002,     2.429194e-002,     2.111879e-002,     3.612505e-002,     3.976286e-002,     5.383463e-002,     5.948320e-002,     8.189764e-002 
  -1.127660e-002,     1.729415e-002,     1.440540e-002,     2.499120e-002,     2.277899e-002,     3.586920e-002,     3.849445e-002,     5.008601e-002,     5.422335e-002,     7.225557e-002 
  -2.263843e-002,    -4.373602e-003,    -1.100189e-002,    -5.750096e-003,    -1.072749e-002,     3.290430e-003,     9.033209e-003,     2.290156e-002,     3.184359e-002,     6.011719e-002 
  -1.942219e-002,     1.169108e-002,     7.185860e-003,     1.781349e-002,     1.430746e-002,     3.100910e-002,     3.526270e-002,     4.977035e-002,     5.653547e-002,     8.258322e-002 
  -1.632727e-002,     1.468999e-002,     9.773080e-003,     2.098389e-002,     1.730582e-002,     3.311434e-002,     3.733391e-002,     5.229396e-002,     5.884783e-002,     8.366600e-002 
  -2.160922e-002,     6.865661e-003,     2.276472e-004,     9.886152e-003,     4.933821e-003,     2.188491e-002,     2.754389e-002,     4.414247e-002,     5.291666e-002,     8.299950e-002 
  -2.160900e-002,     1.093374e-002,     3.606649e-003,     1.511048e-002,     9.712403e-003,     2.809237e-002,     3.414404e-002,     5.272410e-002,     6.202701e-002,     9.415180e-002 
  -3.141791e-002,     3.991041e-003,    -5.525346e-003,     6.004364e-003,    -1.108753e-003,     2.160588e-002,     2.975677e-002,     5.211007e-002,     6.476362e-002,     1.068757e-001 
  -2.759191e-002,     1.263749e-002,     5.589995e-003,     1.919363e-002,     1.379416e-002,     3.638668e-002,     4.279837e-002,     6.318173e-002,     7.328914e-002,     1.103721e-001 
  -2.404786e-002,     1.928918e-002,     1.460154e-002,     2.954698e-002,     2.578204e-002,     4.781558e-002,     5.257469e-002,     7.067518e-002,     7.836816e-002,     1.103578e-001 
  -2.602362e-002,     7.225075e-003,     1.267960e-003,     1.199352e-002,     7.347174e-003,     2.702743e-002,     3.268156e-002,     4.975611e-002,     5.875973e-002,     9.154392e-002 
  -2.724846e-002,     7.760654e-003,     1.671041e-003,     1.294799e-002,     8.178622e-003,     2.881811e-002,     3.465407e-002,     5.239332e-002,     6.170724e-002,     9.584845e-002 
  -1.969279e-002,     1.987105e-002,     1.542196e-002,     2.949078e-002,     2.601282e-002,     4.547181e-002,     4.971692e-002,     6.642104e-002,     7.318918e-002,     1.013058e-001 
  -1.551038e-002,     2.551787e-002,     2.443805e-002,     3.904189e-002,     3.787087e-002,     5.585465e-002,     5.781648e-002,     7.048025e-002,     7.395068e-002,     9.461905e-002 
  -1.440053e-002,     2.305768e-002,     2.284636e-002,     3.595841e-002,     3.538302e-002,     5.172218e-002,     5.309270e-002,     6.365668e-002,     6.627166e-002,     8.406920e-002 
  -1.828457e-002,     2.254151e-002,     2.344221e-002,     3.702898e-002,     3.705462e-002,     5.542923e-002,     5.650315e-002,     6.659927e-002,     6.902252e-002,     8.819511e-002 
  -1.624385e-002,     2.256190e-002,     2.430199e-002,     3.720420e-002,     3.783499e-002,     5.477939e-002,     5.519778e-002,     6.363063e-002,     6.506221e-002,     8.121809e-002 
  -1.917279e-002,     1.576992e-002,     1.754096e-002,     2.833696e-002,     2.889855e-002,     4.550228e-002,     4.615728e-002,     5.356658e-002,     5.547329e-002,     7.242250e-002 
  -1.508389e-002,     2.022951e-002,     2.453371e-002,     3.559032e-002,     3.791514e-002,     5.288961e-002,     5.174597e-002,     5.590523e-002,     5.517172e-002,     6.578314e-002 
  -1.647414e-002,     5.188222e-004,     1.805938e-003,     5.739163e-003,     6.069923e-003,     1.624106e-002,     1.693760e-002,     2.011582e-002,     2.193420e-002,     3.378981e-002 
  -1.131142e-002,     6.818879e-003,     8.622453e-003,     1.378597e-002,     1.460809e-002,     2.346426e-002,     2.341829e-002,     2.614213e-002,     2.668486e-002,     3.490670e-002 
  -1.008631e-002,     3.408920e-003,     5.648420e-003,     8.999270e-003,     1.014071e-002,     1.706399e-002,     1.666323e-002,     1.755954e-002,     1.755910e-002,     2.326878e-002 
  -1.504390e-002,    -1.176923e-002,    -1.191724e-002,    -1.308879e-002,    -1.364282e-002,    -7.984758e-003,    -6.594479e-003,    -5.260536e-003,    -2.584565e-003,     7.429178e-003 
  -2.057075e-002,    -1.158629e-002,    -1.029846e-002,    -1.038040e-002,    -1.017397e-002,    -1.299009e-003,    -2.472651e-004,     8.563290e-004,     3.371925e-003,     1.578892e-002 
  -2.694248e-002,    -2.671909e-002,    -2.754582e-002,    -3.185000e-002,    -3.320556e-002,    -2.475453e-002,    -2.194454e-002,    -2.034047e-002,    -1.511703e-002,     2.366864e-003 
  -3.400492e-002,    -3.308289e-002,    -3.672042e-002,    -4.128416e-002,    -4.467313e-002,    -3.329129e-002,    -2.826630e-002,    -2.271407e-002,    -1.413090e-002,     1.215966e-002 
  -3.333156e-002,    -3.480716e-002,    -3.680739e-002,    -4.263052e-002,    -4.493983e-002,    -3.484862e-002,    -3.081521e-002,    -2.803558e-002,    -2.082344e-002,     1.927481e-003 
  -3.574248e-002,    -4.594032e-002,    -4.927582e-002,    -5.881178e-002,    -6.205831e-002,    -5.374048e-002,    -4.873679e-002,    -4.652426e-002,    -3.787688e-002,    -1.364506e-002 
  -4.264873e-002,    -5.077415e-002,    -5.428575e-002,    -6.409865e-002,    -6.766948e-002,    -5.655195e-002,    -5.084838e-002,    -4.773107e-002,    -3.777223e-002,    -8.639237e-003 
  -4.602558e-002,    -5.011997e-002,    -5.295796e-002,    -6.183306e-002,    -6.507101e-002,    -5.177539e-002,    -4.616259e-002,    -4.277717e-002,    -3.276004e-002,    -1.710882e-003 
  -5.120622e-002,    -4.891947e-002,    -5.049971e-002,    -5.790671e-002,    -6.048886e-002,    -4.383339e-002,    -3.848768e-002,    -3.492841e-002,    -2.499397e-002,     8.689195e-003 
  -4.346521e-002,    -3.559627e-002,    -3.224878e-002,    -3.717159e-002,    -3.633024e-002,    -2.123415e-002,    -1.936882e-002,    -2.082554e-002,    -1.599080e-002,     6.638669e-003 
  -5.022751e-002,    -4.727176e-002,    -4.623169e-002,    -5.380455e-002,    -5.466184e-002,    -3.860949e-002,    -3.484210e-002,    -3.451090e-002,    -2.675379e-002,     2.387588e-003 
  -5.464326e-002,    -4.312001e-002,    -4.240422e-002,    -4.710498e-002,    -4.830656e-002,    -2.812042e-002,    -2.378490e-002,    -2.066071e-002,    -1.190265e-002,     2.241450e-002 
  -5.750365e-002,    -5.288672e-002,    -5.491592e-002,    -6.232590e-002,    -6.539031e-002,    -4.598503e-002,    -3.983678e-002,    -3.496136e-002,    -2.360979e-002,     1.509921e-002 
  -5.403322e-002,    -5.873784e-002,    -6.151599e-002,    -7.202170e-002,    -7.546488e-002,    -5.993288e-002,    -5.365905e-002,    -5.037350e-002,    -3.903835e-002,    -3.432188e-003 
  -5.466064e-002,    -5.742676e-002,    -6.054590e-002,    -7.027619e-002,    -7.395906e-002,    -5.755227e-002,    -5.102964e-002,    -4.677246e-002,    -3.506880e-002,     1.906002e-003 
  -5.777759e-002,    -6.489378e-002,    -6.932808e-002,    -8.108513e-002,    -8.571372e-002,    -6.947933e-002,    -6.193658e-002,    -5.708856e-002,    -4.384483e-002,    -3.965781e-003 
  -5.819282e-002,    -6.062013e-002,    -6.185806e-002,    -7.248734e-002,    -7.506089e-002,    -5.784055e-002,    -5.208343e-002,    -5.010710e-002,    -3.924530e-002,    -3.028772e-003 
  -6.524524e-002,    -7.286638e-002,    -7.532816e-002,    -8.902527e-002,    -9.260535e-002,    -7.464338e-002,    -6.757656e-002,    -6.528428e-002,    -5.228216e-002,    -1.114736e-002 
  -6.505744e-002,    -7.308303e-002,    -7.684567e-002,    -9.037565e-002,    -9.479152e-002,    -7.675857e-002,    -6.896668e-002,    -6.510306e-002,    -5.113475e-002,    -8.165649e-003 
  -6.216351e-002,    -8.080940e-002,    -8.409386e-002,    -1.016412e-001,    -1.056596e-001,    -9.197918e-002,    -8.471102e-002,    -8.436274e-002,    -7.125427e-002,    -3.327587e-002 
  -6.146966e-002,    -6.615969e-002,    -6.576998e-002,    -7.827337e-002,    -7.989384e-002,    -6.271462e-002,    -5.760068e-002,    -5.827871e-002,    -4.810772e-002,    -1.301842e-002 
  -6.974186e-002,    -8.183805e-002,    -8.424810e-002,    -1.005768e-001,    -1.042604e-001,    -8.635958e-002,    -7.893191e-002,    -7.782643e-002,    -6.409811e-002,    -2.140835e-002 
  -7.510462e-002,    -9.437135e-002,    -1.011621e-001,    -1.203550e-001,    -1.270358e-001,    -1.089138e-001,    -9.852396e-002,    -9.357775e-002,    -7.557459e-002,    -2.448902e-002 
  -7.735169e-002,    -9.918265e-002,    -1.065666e-001,    -1.270664e-001,    -1.341994e-001,    -1.160900e-001,    -1.051670e-001,    -1.001008e-001,    -8.125968e-002,    -2.850258e-002 
  -7.978547e-002,    -9.687083e-002,    -1.042241e-001,    -1.231799e-001,    -1.303671e-001,    -1.100132e-001,    -9.889643e-002,    -9.255554e-002,    -7.332348e-002,    -1.803697e-002 
  -6.872992e-002,    -9.369293e-002,    -1.004750e-001,    -1.209437e-001,    -1.274247e-001,    -1.130590e-001,    -1.032275e-001,    -9.993102e-002,    -8.302027e-002,    -3.711014e-002 
  -6.329765e-002,    -9.528072e-002,    -1.011814e-001,    -1.238376e-001,    -1.295830e-001,    -1.192792e-001,    -1.104216e-001,    -1.102423e-001,    -9.493317e-002,    -5.531694e-002 
  -6.164602e-002,    -8.110964e-002,    -8.311775e-002,    -1.012127e-001,    -1.043897e-001,    -9.137889e-002,    -8.488307e-002,    -8.641431e-002,    -7.437336e-002,    -3.890162e-002 
  -5.140060e-002,    -5.422014e-002,    -5.187799e-002,    -6.234582e-002,    -6.239654e-002,    -4.807907e-002,    -4.495193e-002,    -4.783215e-002,    -4.087436e-002,    -1.443807e-002 
  -5.317926e-002,    -6.380649e-002,    -6.450080e-002,    -7.779914e-002,    -7.986830e-002,    -6.689053e-002,    -6.187845e-002,    -6.289090e-002,    -5.330019e-002,    -2.287496e-002 
  -4.694923e-002,    -5.751322e-002,    -5.864745e-002,    -7.075609e-002,    -7.292003e-002,    -6.173534e-002,    -5.701336e-002,    -5.754947e-002,    -4.868235e-002,    -2.128214e-002 
  -5.009717e-002,    -6.483687e-002,    -6.577661e-002,    -8.019632e-002,    -8.233035e-002,    -7.155120e-002,    -6.666679e-002,    -6.851795e-002,    -5.926389e-002,    -3.126977e-002 
  -4.964707e-002,    -7.727365e-002,    -8.241641e-002,    -1.011194e-001,    -1.059586e-001,    -9.858296e-002,    -9.134225e-002,    -9.121661e-002,    -7.881412e-002,    -4.753329e-002 
  -4.722860e-002,    -6.906120e-002,    -7.413125e-002,    -9.003932e-002,    -9.475781e-002,    -8.629252e-002,    -7.930320e-002,    -7.776174e-002,    -6.582698e-002,    -3.474071e-002 
  -5.053287e-002,    -9.235153e-002,    -1.035131e-001,    -1.268451e-001,    -1.356048e-001,    -1.312816e-001,    -1.205338e-001,    -1.164083e-001,    -9.923659e-002,    -6.132664e-002 
  -4.500736e-002,    -8.314497e-002,    -9.279578e-002,    -1.140134e-001,    -1.216275e-001,    -1.181177e-001,    -1.087105e-001,    -1.056507e-001,    -9.057930e-002,    -5.748081e-002 
  -4.006519e-002,    -9.062891e-002,    -1.033062e-001,    -1.281250e-001,    -1.375462e-001,    -1.388957e-001,    -1.281927e-001,    -1.246339e-001,    -1.080820e-001,    -7.612502e-002 
  -4.375167e-002,    -1.021246e-001,    -1.181810e-001,    -1.460762e-001,    -1.577956e-001,    -1.598358e-001,    -1.468870e-001,    -1.409839e-001,    -1.212112e-001,    -8.358530e-002 
  -3.579033e-002,    -8.464202e-002,    -9.825135e-002,    -1.214160e-001,    -1.313100e-001,    -1.332350e-001,    -1.223719e-001,    -1.172238e-001,    -1.006849e-001,    -6.942031e-002 
  -3.943443e-002,    -9.385402e-002,    -1.086053e-001,    -1.344312e-001,    -1.451749e-001,    -1.475328e-001,    -1.357026e-001,    -1.305049e-001,    -1.124690e-001,    -7.854399e-002 
  -3.636225e-002,    -8.831104e-002,    -1.026305e-001,    -1.270101e-001,    -1.373809e-001,    -1.399758e-001,    -1.286583e-001,    -1.234113e-001,    -1.062301e-001,    -7.423931e-002 
  -3.286497e-002,    -7.912094e-002,    -9.249862e-002,    -1.141437e-001,    -1.237987e-001,    -1.258367e-001,    -1.153595e-001,    -1.098672e-001,    -9.400426e-002,    -6.424228e-002 
  -2.077760e-002,    -5.934244e-002,    -6.774084e-002,    -8.529986e-002,    -9.136563e-002,    -9.562837e-002,    -8.903831e-002,    -8.814008e-002,    -7.815675e-002,    -6.163416e-002 
  -1.599801e-002,    -5.808493e-002,    -6.484291e-002,    -8.342841e-002,    -8.828741e-002,    -9.545110e-002,    -9.021085e-002,    -9.246289e-002,    -8.455239e-002,    -7.429862e-002 
  -1.345680e-002,    -5.596311e-002,    -6.192425e-002,    -8.043602e-002,    -8.470214e-002,    -9.293144e-002,    -8.836592e-002,    -9.180603e-002,    -8.493981e-002,    -7.755771e-002 
  -6.775538e-003,    -3.949610e-002,    -3.929366e-002,    -5.404813e-002,    -5.412358e-002,    -6.249697e-002,    -6.202418e-002,    -7.093418e-002,    -6.993545e-002,    -7.392032e-002 
  -6.234190e-003,    -3.939637e-002,    -4.077293e-002,    -5.525072e-002,    -5.633111e-002,    -6.469826e-002,    -6.337256e-002,    -7.036756e-002,    -6.824943e-002,    -7.018381e-002 
  -1.861102e-002,    -5.057158e-002,    -5.373529e-002,    -6.940766e-002,    -7.202118e-002,    -7.587897e-002,    -7.246033e-002,    -7.660315e-002,    -7.100556e-002,    -6.243930e-002 
  -1.724141e-002,    -4.372088e-002,    -4.381842e-002,    -5.770058e-002,    -5.828891e-002,    -6.142759e-002,    -5.987531e-002,    -6.654053e-002,    -6.352898e-002,    -5.930257e-002 
  -1.793827e-002,    -6.006420e-002,    -6.313779e-002,    -8.292718e-002,    -8.546191e-002,    -9.277359e-002,    -8.946471e-002,    -9.645978e-002,    -9.104593e-002,    -8.542371e-002 
  -2.162084e-002,    -6.663477e-002,    -7.026984e-002,    -9.175208e-002,    -9.476221e-002,    -1.017579e-001,    -9.780930e-002,    -1.047869e-001,    -9.831497e-002,    -9.028789e-002 
  -2.860086e-002,    -7.461853e-002,    -7.814644e-002,    -1.012583e-001,    -1.044117e-001,    -1.096188e-001,    -1.051254e-001,    -1.123877e-001,    -1.048091e-001,    -9.300753e-002 
  -2.865993e-002,    -7.601196e-002,    -7.956041e-002,    -1.032302e-001,    -1.063988e-001,    -1.120079e-001,    -1.074976e-001,    -1.150898e-001,    -1.074854e-001,    -9.593123e-002 
  -2.658416e-002,    -8.316812e-002,    -8.662921e-002,    -1.137898e-001,    -1.168386e-001,    -1.260323e-001,    -1.217520e-001,    -1.319674e-001,    -1.247836e-001,    -1.167889e-001 
  -3.197007e-002,    -9.608981e-002,    -1.007357e-001,    -1.316594e-001,    -1.356387e-001,    -1.453511e-001,    -1.399280e-001,    -1.505349e-001,    -1.415246e-001,    -1.302238e-001 
  -3.378731e-002,    -1.097351e-001,    -1.169995e-001,    -1.525228e-001,    -1.582514e-001,    -1.706520e-001,    -1.635788e-001,    -1.739352e-001,    -1.626061e-001,    -1.488983e-001 
  -3.913221e-002,    -1.184873e-001,    -1.283214e-001,    -1.655686e-001,    -1.731222e-001,    -1.844685e-001,    -1.754669e-001,    -1.833175e-001,    -1.691062e-001,    -1.489681e-001 
  -3.974000e-002,    -1.150614e-001,    -1.227816e-001,    -1.589533e-001,    -1.651580e-001,    -1.754542e-001,    -1.676046e-001,    -1.770986e-001,    -1.644059e-001,    -1.462703e-001 
  -4.768316e-002,    -1.258702e-001,    -1.360939e-001,    -1.742231e-001,    -1.822892e-001,    -1.905795e-001,    -1.806135e-001,    -1.874965e-001,    -1.715298e-001,    -1.453840e-001 
  -4.602634e-002,    -1.142211e-001,    -1.228345e-001,    -1.569172e-001,    -1.638913e-001,    -1.698288e-001,    -1.609244e-001,    -1.672424e-001,    -1.527935e-001,    -1.278090e-001 
  -4.889374e-002,    -1.169801e-001,    -1.259394e-001,    -1.603851e-001,    -1.676702e-001,    -1.726305e-001,    -1.632800e-001,    -1.690710e-001,    -1.538683e-001,    -1.265981e-001 
  -5.193098e-002,    -1.114418e-001,    -1.167348e-001,    -1.489988e-001,    -1.540048e-001,    -1.560369e-001,    -1.485123e-001,    -1.566955e-001,    -1.437887e-001,    -1.184313e-001 
  -5.930879e-002,    -1.109065e-001,    -1.147067e-001,    -1.452970e-001,    -1.495620e-001,    -1.471237e-001,    -1.398094e-001,    -1.476736e-001,    -1.346557e-001,    -1.053559e-001 
  -6.516611e-002,    -1.092966e-001,    -1.136135e-001,    -1.419882e-001,    -1.467659e-001,    -1.400659e-001,    -1.319487e-001,    -1.370404e-001,    -1.226283e-001,    -8.724719e-002 
  -6.985621e-002,    -1.159497e-001,    -1.214642e-001,    -1.511721e-001,    -1.568674e-001,    -1.491245e-001,    -1.399176e-001,    -1.439032e-001,    -1.277733e-001,    -8.816699e-002 
  -7.594570e-002,    -1.184464e-001,    -1.233299e-001,    -1.527337e-001,    -1.582064e-001,    -1.475890e-001,    -1.382131e-001,    -1.419450e-001,    -1.252620e-001,    -8.215171e-002 
  -7.313900e-002,    -1.216584e-001,    -1.272032e-001,    -1.584681e-001,    -1.642830e-001,    -1.563040e-001,    -1.467949e-001,    -1.513336e-001,    -1.346213e-001,    -9.357441e-002 
  -7.149355e-002,    -1.090983e-001,    -1.138885e-001,    -1.405278e-001,    -1.458044e-001,    -1.350071e-001,    -1.260709e-001,    -1.286902e-001,    -1.128371e-001,    -7.138359e-002 
  -7.293352e-002,    -9.165772e-002,    -9.210857e-002,    -1.121821e-001,    -1.146956e-001,    -9.831481e-002,    -9.172666e-002,    -9.487569e-002,    -8.210708e-002,    -4.214659e-002 
  -8.311453e-002,    -1.178542e-001,    -1.251845e-001,    -1.520254e-001,    -1.592992e-001,    -1.435457e-001,    -1.321530e-001,    -1.305136e-001,    -1.107321e-001,    -5.765566e-002 
  -8.408713e-002,    -1.148021e-001,    -1.224222e-001,    -1.476942e-001,    -1.551851e-001,    -1.377986e-001,    -1.261564e-001,    -1.230465e-001,    -1.028769e-001,    -4.781314e-002 
  -8.786767e-002,    -1.249781e-001,    -1.353640e-001,    -1.632855e-001,    -1.726808e-001,    -1.556280e-001,    -1.420813e-001,    -1.370400e-001,    -1.141042e-001,    -5.394424e-002 
  -8.797479e-002,    -1.181304e-001,    -1.279458e-001,    -1.531375e-001,    -1.621669e-001,    -1.429836e-001,    -1.297528e-001,    -1.235844e-001,    -1.010682e-001,    -4.009806e-002 
  -8.472080e-002,    -1.190417e-001,    -1.316182e-001,    -1.573385e-001,    -1.680550e-001,    -1.506429e-001,    -1.361208e-001,    -1.275534e-001,    -1.034727e-001,    -4.109937e-002 
  -8.047329e-002,    -1.028467e-001,    -1.126936e-001,    -1.333768e-001,    -1.421981e-001,    -1.228229e-001,    -1.102252e-001,    -1.020629e-001,    -8.080018e-002,    -2.243525e-002 
  -7.876118e-002,    -1.047297e-001,    -1.154915e-001,    -1.371593e-001,    -1.465203e-001,    -1.286292e-001,    -1.156588e-001,    -1.073061e-001,    -8.563302e-002,    -2.770561e-002 
  -9.157993e-002,    -1.197687e-001,    -1.335787e-001,    -1.576403e-001,    -1.693636e-001,    -1.476671e-001,    -1.318467e-001,    -1.199196e-001,    -9.372410e-002,    -2.385957e-002 
  -9.467391e-002,    -1.332276e-001,    -1.494404e-001,    -1.777632e-001,    -1.911352e-001,    -1.713151e-001,    -1.538567e-001,    -1.415435e-001,    -1.129773e-001,    -3.993466e-002 
  -9.492374e-002,    -1.333245e-001,    -1.487943e-001,    -1.772692e-001,    -1.901681e-001,    -1.703699e-001,    -1.533133e-001,    -1.419161e-001,    -1.138775e-001,    -4.181566e-002 
  -9.754033e-002,    -1.381280e-001,    -1.545074e-001,    -1.841222e-001,    -1.976893e-001,    -1.776086e-001,    -1.598063e-001,    -1.477722e-001,    -1.185899e-001,    -4.404940e-002 
  -1.025509e-001,    -1.361406e-001,    -1.513103e-001,    -1.791614e-001,    -1.920984e-001,    -1.685043e-001,    -1.509566e-001,    -1.385243e-001,    -1.094169e-001,    -3.212343e-002 
  -9.584613e-002,    -1.351196e-001,    -1.492373e-001,    -1.785454e-001,    -1.905977e-001,    -1.710625e-001,    -1.546963e-001,    -1.452660e-001,    -1.181078e-001,    -4.782226e-002 
  -9.161870e-002,    -1.328836e-001,    -1.455684e-001,    -1.753147e-001,    -1.863113e-001,    -1.689812e-001,    -1.537987e-001,    -1.468304e-001,    -1.214918e-001,    -5.645736e-002 
  -9.208522e-002,    -1.383847e-001,    -1.555731e-001,    -1.864364e-001,    -2.003606e-001,    -1.835993e-001,    -1.658096e-001,    -1.543554e-001,    -1.254815e-001,    -5.428587e-002 
  -9.722101e-002,    -1.422403e-001,    -1.625538e-001,    -1.930345e-001,    -2.091367e-001,    -1.897853e-001,    -1.697688e-001,    -1.538380e-001,    -1.216914e-001,    -4.221216e-002 
  -1.019802e-001,    -1.537812e-001,    -1.765025e-001,    -2.100427e-001,    -2.278474e-001,    -2.087247e-001,    -1.869228e-001,    -1.696102e-001,    -1.348054e-001,    -5.029735e-002 
  -9.350206e-002,    -1.470264e-001,    -1.668775e-001,    -2.003553e-001,    -2.160451e-001,    -2.006224e-001,    -1.811921e-001,    -1.682039e-001,    -1.370455e-001,    -6.252670e-002 
  -9.938805e-002,    -1.361244e-001,    -1.540832e-001,    -1.820500e-001,    -1.966950e-001,    -1.745149e-001,    -1.556521e-001,    -1.405101e-001,    -1.098012e-001,    -3.076552e-002 
  -9.082971e-002,    -1.317126e-001,    -1.496743e-001,    -1.779003e-001,    -1.922864e-001,    -1.740338e-001,    -1.559124e-001,    -1.420285e-001,    -1.127751e-001,    -3.983868e-002 
  -9.187097e-002,    -1.345714e-001,    -1.521973e-001,    -1.814315e-001,    -1.956322e-001,    -1.777060e-001,    -1.596855e-001,    -1.467046e-001,    -1.175315e-001,    -4.492772e-002 
  -9.698822e-002,    -1.384830e-001,    -1.587041e-001,    -1.877068e-001,    -2.037422e-001,    -1.833598e-001,    -1.634160e-001,    -1.466644e-001,    -1.146284e-001,    -3.460150e-002 
  -8.456921e-002,    -1.211153e-001,    -1.368921e-001,    -1.627637e-001,    -1.755457e-001,    -1.582553e-001,    -1.419226e-001,    -1.298137e-001,    -1.033032e-001,    -3.652193e-002 
  -8.089649e-002,    -1.087248e-001,    -1.243914e-001,    -1.460520e-001,    -1.586509e-001,    -1.397315e-001,    -1.237804e-001,    -1.095429e-001,    -8.374248e-002,    -1.727542e-002 
  -7.510297e-002,    -1.104632e-001,    -1.269499e-001,    -1.505528e-001,    -1.635057e-001,    -1.485852e-001,    -1.326696e-001,    -1.194913e-001,    -9.404848e-002,    -3.154121e-002 
  -6.808422e-002,    -9.644854e-002,    -1.098630e-001,    -1.300874e-001,    -1.408391e-001,    -1.264421e-001,    -1.128867e-001,    -1.019322e-001,    -8.004229e-002,    -2.490948e-002 
  -7.702081e-002,    -1.043054e-001,    -1.200662e-001,    -1.408195e-001,    -1.533613e-001,    -1.354325e-001,    -1.197641e-001,    -1.053272e-001,    -8.011466e-002,    -1.569209e-002 
  -8.035393e-002,    -1.152385e-001,    -1.342325e-001,    -1.579494e-001,    -1.726841e-001,    -1.555161e-001,    -1.377158e-001,    -1.210737e-001,    -9.281256e-002,    -2.311249e-002 
  -8.587099e-002,    -1.219539e-001,    -1.428565e-001,    -1.675653e-001,    -1.837029e-001,    -1.648564e-001,    -1.454893e-001,    -1.266018e-001,    -9.593639e-002,    -2.021917e-002 
  -7.868293e-002,    -1.136842e-001,    -1.319122e-001,    -1.555710e-001,    -1.697594e-001,    -1.532893e-001,    -1.360705e-001,    -1.204800e-001,    -9.309119e-002,    -2.562167e-002 
  -7.012919e-002,    -9.606013e-002,    -1.097803e-001,    -1.292740e-001,    -1.402857e-001,    -1.244313e-001,    -1.105241e-001,    -9.848609e-002,    -7.601321e-002,    -1.860144e-002 
  -6.661370e-002,    -8.926553e-002,    -1.029699e-001,    -1.205102e-001,    -1.314047e-001,    -1.155833e-001,    -1.019903e-001,    -8.915595e-002,    -6.729398e-002,    -1.123800e-002 
  -6.520829e-002,    -8.948872e-002,    -1.013914e-001,    -1.197861e-001,    -1.294723e-001,    -1.149528e-001,    -1.025086e-001,    -9.246643e-002,    -7.222633e-002,    -2.022490e-002 
  -5.717022e-002,    -8.588204e-002,    -9.428808e-002,    -1.139628e-001,    -1.211421e-001,    -1.111728e-001,    -1.014192e-001,    -9.722989e-002,    -8.104199e-002,    -4.038939e-002 
  -5.471044e-002,    -7.239085e-002,    -7.725217e-002,    -9.276328e-002,    -9.757466e-002,    -8.554908e-002,    -7.802922e-002,    -7.551345e-002,    -6.246448e-002,    -2.624555e-002 
  -4.748310e-002,    -6.002163e-002,    -5.972429e-002,    -7.307483e-002,    -7.432897e-002,    -6.389165e-002,    -5.993920e-002,    -6.284712e-002,    -5.498756e-002,    -2.998124e-002 
  -5.955119e-002,    -6.568032e-002,    -6.534053e-002,    -7.810162e-002,    -7.969594e-002,    -6.354936e-002,    -5.857350e-002,    -5.960635e-002,    -4.972381e-002,    -1.604466e-002 
  -5.944481e-002,    -7.568886e-002,    -7.619546e-002,    -9.293124e-002,    -9.506983e-002,    -8.200351e-002,    -7.655451e-002,    -7.920449e-002,    -6.869062e-002,    -3.613422e-002 
  -5.828609e-002,    -8.563755e-002,    -8.875586e-002,    -1.092874e-001,    -1.130802e-001,    -1.033821e-001,    -9.654519e-002,    -9.881283e-002,    -8.649229e-002,    -5.315167e-002 
  -5.937817e-002,    -8.125868e-002,    -8.308521e-002,    -1.018372e-001,    -1.048276e-001,    -9.331254e-002,    -8.711708e-002,    -8.957082e-002,    -7.805549e-002,    -4.479740e-002 
  -6.642039e-002,    -8.329003e-002,    -8.414199e-002,    -1.022447e-001,    -1.048192e-001,    -8.975613e-002,    -8.350478e-002,    -8.575268e-002,    -7.378567e-002,    -3.665776e-002 
  -5.662999e-002,    -7.986895e-002,    -8.023036e-002,    -9.941786e-002,    -1.013768e-001,    -9.142082e-002,    -8.629892e-002,    -9.106060e-002,    -8.113758e-002,    -5.214592e-002 
  -6.064621e-002,    -9.122401e-002,    -9.309434e-002,    -1.156547e-001,    -1.187121e-001,    -1.095659e-001,    -1.032354e-001,    -1.079406e-001,    -9.617563e-002,    -6.414261e-002 
  -6.569196e-002,    -1.152002e-001,    -1.238325e-001,    -1.535202e-001,    -1.611055e-001,    -1.551025e-001,    -1.444802e-001,    -1.454204e-001,    -1.276074e-001,    -8.640601e-002 
  -6.434495e-002,    -1.151348e-001,    -1.237376e-001,    -1.537336e-001,    -1.612587e-001,    -1.560797e-001,    -1.455912e-001,    -1.469367e-001,    -1.293758e-001,    -8.933003e-002 
  -6.495730e-002,    -1.177423e-001,    -1.261744e-001,    -1.571409e-001,    -1.645743e-001,    -1.598763e-001,    -1.494319e-001,    -1.515221e-001,    -1.339878e-001,    -9.431430e-002 
  -6.864783e-002,    -1.225049e-001,    -1.310082e-001,    -1.630307e-001,    -1.706227e-001,    -1.651258e-001,    -1.543204e-001,    -1.565407e-001,    -1.383232e-001,    -9.658096e-002 
  -6.744850e-002,    -1.265954e-001,    -1.367978e-001,    -1.704119e-001,    -1.790664e-001,    -1.752812e-001,    -1.636116e-001,    -1.650722e-001,    -1.457552e-001,    -1.033125e-001 
  -6.355141e-002,    -1.250173e-001,    -1.359117e-001,    -1.696615e-001,    -1.786450e-001,    -1.766488e-001,    -1.649231e-001,    -1.661783e-001,    -1.469941e-001,    -1.063460e-001 
  -6.478744e-002,    -1.290371e-001,    -1.404881e-001,    -1.754720e-001,    -1.848531e-001,    -1.832548e-001,    -1.711047e-001,    -1.723641e-001,    -1.525424e-001,    -1.109377e-001 
  -7.566228e-002,    -1.378747e-001,    -1.530933e-001,    -1.882091e-001,    -2.003587e-001,    -1.940526e-001,    -1.788112e-001,    -1.744587e-001,    -1.498936e-001,    -9.538123e-002 
  -7.225058e-002,    -1.384860e-001,    -1.534379e-001,    -1.897010e-001,    -2.015741e-001,    -1.976398e-001,    -1.828466e-001,    -1.799772e-001,    -1.561979e-001,    -1.050968e-001 
  -7.094747e-002,    -1.414168e-001,    -1.567860e-001,    -1.944837e-001,    -2.065871e-001,    -2.043135e-001,    -1.893955e-001,    -1.871437e-001,    -1.632661e-001,    -1.132896e-001 
  -7.065756e-002,    -1.476345e-001,    -1.601933e-001,    -2.011911e-001,    -2.114677e-001,    -2.119057e-001,    -1.986146e-001,    -2.017476e-001,    -1.800760e-001,    -1.362215e-001 
  -6.759628e-002,    -1.436391e-001,    -1.574104e-001,    -1.972177e-001,    -2.081854e-001,    -2.090208e-001,    -1.953044e-001,    -1.966722e-001,    -1.745915e-001,    -1.304460e-001 
  -8.028385e-002,    -1.624497e-001,    -1.807389e-001,    -2.241923e-001,    -2.384690e-001,    -2.364892e-001,    -2.190966e-001,    -2.160365e-001,    -1.883280e-001,    -1.309379e-001 
  -8.250638e-002,    -1.745747e-001,    -1.940103e-001,    -2.416773e-001,    -2.567633e-001,    -2.570268e-001,    -2.387879e-001,    -2.368589e-001,    -2.078923e-001,    -1.497092e-001 
  -8.840198e-002,    -1.852593e-001,    -2.083357e-001,    -2.581435e-001,    -2.757643e-001,    -2.750331e-001,    -2.542075e-001,    -2.487474e-001,    -2.159829e-001,    -1.496843e-001 
  -9.146980e-002,    -1.808175e-001,    -2.015358e-001,    -2.493041e-001,    -2.654930e-001,    -2.619049e-001,    -2.421569e-001,    -2.376815e-001,    -2.062040e-001,    -1.399977e-001 
  -1.012200e-001,    -2.003968e-001,    -2.251987e-001,    -2.777490e-001,    -2.968766e-001,    -2.926328e-001,    -2.697111e-001,    -2.624143e-001,    -2.261424e-001,    -1.500070e-001 
  -1.006792e-001,    -2.022474e-001,    -2.273558e-001,    -2.807333e-001,    -3.000426e-001,    -2.966633e-001,    -2.736139e-001,    -2.665709e-001,    -2.301560e-001,    -1.544278e-001 
  -1.045193e-001,    -2.155743e-001,    -2.420432e-001,    -2.996877e-001,    -3.199940e-001,    -3.181903e-001,    -2.940321e-001,    -2.877033e-001,    -2.495904e-001,    -1.716664e-001 
  -1.013142e-001,    -2.214319e-001,    -2.497516e-001,    -3.101734e-001,    -3.315794e-001,    -3.332683e-001,    -3.083335e-001,    -3.020950e-001,    -2.631080e-001,    -1.863371e-001 
  -1.020790e-001,    -2.216161e-001,    -2.496409e-001,    -3.100212e-001,    -3.312597e-001,    -3.325890e-001,    -3.077559e-001,    -3.017297e-001,    -2.628386e-001,    -1.859354e-001 
  -9.298101e-002,    -1.969809e-001,    -2.185974e-001,    -2.724833e-001,    -2.892993e-001,    -2.897300e-001,    -2.693388e-001,    -2.676006e-001,    -2.351764e-001,    -1.701138e-001 
  -9.250043e-002,    -2.029432e-001,    -2.261580e-001,    -2.822589e-001,    -3.000941e-001,    -3.024037e-001,    -2.811434e-001,    -2.790722e-001,    -2.455035e-001,    -1.797405e-001 
  -9.985961e-002,    -2.177759e-001,    -2.441417e-001,    -3.038586e-001,    -3.239563e-001,    -3.257748e-001,    -3.020798e-001,    -2.978049e-001,    -2.605648e-001,    -1.872125e-001 
  -9.069291e-002,    -2.005295e-001,    -2.223487e-001,    -2.782154e-001,    -2.950928e-001,    -2.980364e-001,    -2.777284e-001,    -2.773322e-001,    -2.451421e-001,    -1.825093e-001 
  -9.222531e-002,    -1.982527e-001,    -2.203794e-001,    -2.748577e-001,    -2.919807e-001,    -2.931856e-001,    -2.725692e-001,    -2.707276e-001,    -2.380406e-001,    -1.731082e-001 
  -8.051710e-002,    -1.754650e-001,    -1.931617e-001,    -2.420873e-001,    -2.559879e-001,    -2.581165e-001,    -2.410413e-001,    -2.421687e-001,    -2.148751e-001,    -1.612930e-001 
  -7.696103e-002,    -1.622895e-001,    -1.776532e-001,    -2.225313e-001,    -2.348144e-001,    -2.354307e-001,    -2.199938e-001,    -2.216246e-001,    -1.967270e-001,    -1.466661e-001 
  -7.036921e-002,    -1.543804e-001,    -1.675533e-001,    -2.112728e-001,    -2.219378e-001,    -2.245783e-001,    -2.109622e-001,    -2.151907e-001,    -1.930969e-001,    -1.501117e-001 
  -6.918257e-002,    -1.411210e-001,    -1.517557e-001,    -1.908629e-001,    -1.998499e-001,    -1.995162e-001,    -1.874496e-001,    -1.917478e-001,    -1.718037e-001,    -1.306636e-001 
  -7.202320e-002,    -1.412644e-001,    -1.508243e-001,    -1.895482e-001,    -1.979264e-001,    -1.960812e-001,    -1.843807e-001,    -1.892969e-001,    -1.696938e-001,    -1.279035e-001 
  -7.378167e-002,    -1.360381e-001,    -1.449829e-001,    -1.812562e-001,    -1.892901e-001,    -1.848101e-001,    -1.733075e-001,    -1.771168e-001,    -1.576862e-001,    -1.141597e-001 
  -7.676651e-002,    -1.483669e-001,    -1.615094e-001,    -2.011849e-001,    -2.120252e-001,    -2.087760e-001,    -1.946219e-001,    -1.954514e-001,    -1.722912e-001,    -1.225930e-001 
  -7.387185e-002,    -1.355790e-001,    -1.476205e-001,    -1.829612e-001,    -1.930011e-001,    -1.877076e-001,    -1.744323e-001,    -1.740865e-001,    -1.522642e-001,    -1.036924e-001 
  -7.560320e-002,    -1.379733e-001,    -1.488411e-001,    -1.850244e-001,    -1.943578e-001,    -1.889787e-001,    -1.762220e-001,    -1.775418e-001,    -1.563252e-001,    -1.087158e-001 
  -8.221468e-002,    -1.511233e-001,    -1.626471e-001,    -2.025123e-001,    -2.124714e-001,    -2.070247e-001,    -1.933201e-001,    -1.954267e-001,    -1.725807e-001,    -1.215259e-001 
  -8.902213e-002,    -1.717089e-001,    -1.867081e-001,    -2.326311e-001,    -2.450458e-001,    -2.412161e-001,    -2.249399e-001,    -2.261220e-001,    -1.994497e-001,    -1.421151e-001 
  -8.609858e-002,    -1.757975e-001,    -1.904689e-001,    -2.388748e-001,    -2.509883e-001,    -2.503437e-001,    -2.345082e-001,    -2.380449e-001,    -2.121221e-001,    -1.587082e-001 
  -9.074887e-002,    -1.879126e-001,    -2.062008e-001,    -2.576493e-001,    -2.722442e-001,    -2.718399e-001,    -2.535394e-001,    -2.543149e-001,    -2.248247e-001,    -1.647101e-001 
  -1.033874e-001,    -2.167034e-001,    -2.405141e-001,    -2.995208e-001,    -3.180731e-001,    -3.178580e-001,    -2.953130e-001,    -2.930491e-001,    -2.571688e-001,    -1.846295e-001 
  -1.016620e-001,    -2.103600e-001,    -2.323245e-001,    -2.895541e-001,    -3.068596e-001,    -3.060674e-001,    -2.847243e-001,    -2.836419e-001,    -2.494720e-001,    -1.797740e-001 
  -1.021929e-001,    -2.247562e-001,    -2.526023e-001,    -3.142970e-001,    -3.354234e-001,    -3.377151e-001,    -3.129739e-001,    -3.079877e-001,    -2.692143e-001,    -1.932378e-001 
  -1.067797e-001,    -2.343471e-001,    -2.642267e-001,    -3.283023e-001,    -3.508839e-001,    -3.529657e-001,    -3.266674e-001,    -3.203105e-001,    -2.791955e-001,    -1.984614e-001 
  -1.128423e-001,    -2.386297e-001,    -2.691786e-001,    -3.333939e-001,    -3.565931e-001,    -3.561282e-001,    -3.289222e-001,    -3.211156e-001,    -2.784544e-001,    -1.926191e-001 
  -1.146789e-001,    -2.282965e-001,    -2.574949e-001,    -3.172963e-001,    -3.396779e-001,    -3.350514e-001,    -3.084556e-001,    -2.991029e-001,    -2.571650e-001,    -1.694771e-001 
  -1.204793e-001,    -2.424486e-001,    -2.735469e-001,    -3.373535e-001,    -3.611408e-001,    -3.570247e-001,    -3.288426e-001,    -3.191676e-001,    -2.747840e-001,    -1.826117e-001 
  -1.165493e-001,    -2.369801e-001,    -2.657449e-001,    -3.287878e-001,    -3.509459e-001,    -3.480000e-001,    -3.214891e-001,    -3.144901e-001,    -2.725665e-001,    -1.860478e-001 
  -1.194763e-001,    -2.402170e-001,    -2.715454e-001,    -3.346188e-001,    -3.585244e-001,    -3.542783e-001,    -3.260521e-001,    -3.157678e-001,    -2.713784e-001,    -1.791553e-001 
  -1.207771e-001,    -2.494277e-001,    -2.814945e-001,    -3.478940e-001,    -3.723168e-001,    -3.700423e-001,    -3.412825e-001,    -3.321395e-001,    -2.869620e-001,    -1.946682e-001 
  -1.191408e-001,    -2.315157e-001,    -2.572296e-001,    -3.180870e-001,    -3.383504e-001,    -3.326560e-001,    -3.076588e-001,    -3.024027e-001,    -2.623787e-001,    -1.771960e-001 
  -1.265881e-001,    -2.482712e-001,    -2.758171e-001,    -3.413723e-001,    -3.630476e-001,    -3.576788e-001,    -3.309911e-001,    -3.257278e-001,    -2.830295e-001,    -1.927087e-001 
  -1.258104e-001,    -2.522689e-001,    -2.832384e-001,    -3.498426e-001,    -3.737089e-001,    -3.694193e-001,    -3.408479e-001,    -3.324485e-001,    -2.872557e-001,    -1.931532e-001 
  -1.198341e-001,    -2.284517e-001,    -2.541569e-001,    -3.135781e-001,    -3.338570e-001,    -3.267586e-001,    -3.017062e-001,    -2.954425e-001,    -2.553070e-001,    -1.688358e-001 
  -1.238022e-001,    -2.269775e-001,    -2.529841e-001,    -3.107567e-001,    -3.313515e-001,    -3.212538e-001,    -2.956851e-001,    -2.875031e-001,    -2.464605e-001,    -1.558552e-001 
  -1.294242e-001,    -2.298791e-001,    -2.572353e-001,    -3.145246e-001,    -3.361636e-001,    -3.232203e-001,    -2.963945e-001,    -2.856387e-001,    -2.426030e-001,    -1.458705e-001 
  -1.361669e-001,    -2.403296e-001,    -2.718949e-001,    -3.308892e-001,    -3.554565e-001,    -3.408043e-001,    -3.109943e-001,    -2.956675e-001,    -2.482535e-001,    -1.417507e-001 
  -1.362000e-001,    -2.304902e-001,    -2.609290e-001,    -3.161017e-001,    -3.399412e-001,    -3.223635e-001,    -2.931927e-001,    -2.766775e-001,    -2.301223e-001,    -1.230378e-001 
  -1.336769e-001,    -2.271056e-001,    -2.584488e-001,    -3.126245e-001,    -3.369722e-001,    -3.197116e-001,    -2.902443e-001,    -2.723725e-001,    -2.255531e-001,    -1.183560e-001 
  -1.345504e-001,    -2.216524e-001,    -2.550429e-001,    -3.062705e-001,    -3.319692e-001,    -3.120271e-001,    -2.813172e-001,    -2.590861e-001,    -2.105469e-001,    -9.811920e-002 
  -1.341309e-001,    -2.226375e-001,    -2.579268e-001,    -3.092229e-001,    -3.361372e-001,    -3.163947e-001,    -2.846390e-001,    -2.603351e-001,    -2.104103e-001,    -9.558446e-002 
  -1.253268e-001,    -2.029435e-001,    -2.341475e-001,    -2.803838e-001,    -3.043871e-001,    -2.846749e-001,    -2.560119e-001,    -2.342306e-001,    -1.889402e-001,    -8.322920e-002 
  -1.247758e-001,    -1.984359e-001,    -2.298086e-001,    -2.742729e-001,    -2.983685e-001,    -2.775335e-001,    -2.488221e-001,    -2.257720e-001,    -1.804461e-001,    -7.386604e-002 
  -1.257952e-001,    -2.022390e-001,    -2.337721e-001,    -2.795258e-001,    -3.037562e-001,    -2.834634e-001,    -2.545721e-001,    -2.320425e-001,    -1.864199e-001,    -7.963478e-002 
  -1.293832e-001,    -2.149381e-001,    -2.481935e-001,    -2.979315e-001,    -3.233854e-001,    -3.045541e-001,    -2.743698e-001,    -2.519901e-001,    -2.044347e-001,    -9.494812e-002 
  -1.280821e-001,    -2.127764e-001,    -2.453961e-001,    -2.947040e-001,    -3.197070e-001,    -3.011246e-001,    -2.714155e-001,    -2.496505e-001,    -2.028045e-001,    -9.489182e-002 
  -1.398465e-001,    -2.307827e-001,    -2.682490e-001,    -3.210184e-001,    -3.495150e-001,    -3.283719e-001,    -2.948794e-001,    -2.683093e-001,    -2.157406e-001,    -9.464818e-002 
  -1.379140e-001,    -2.273070e-001,    -2.637705e-001,    -3.158049e-001,    -3.435940e-001,    -3.227476e-001,    -2.899944e-001,    -2.643421e-001,    -2.128720e-001,    -9.414659e-002 
  -1.463061e-001,    -2.380853e-001,    -2.764803e-001,    -3.304831e-001,    -3.597773e-001,    -3.367487e-001,    -3.021661e-001,    -2.745064e-001,    -2.201247e-001,    -9.390505e-002 
  -1.437665e-001,    -2.318100e-001,    -2.680998e-001,    -3.206125e-001,    -3.484674e-001,    -3.254416e-001,    -2.922793e-001,    -2.663872e-001,    -2.140536e-001,    -9.177796e-002 
  -1.420639e-001,    -2.328441e-001,    -2.693193e-001,    -3.226324e-001,    -3.505555e-001,    -3.288821e-001,    -2.957620e-001,    -2.703932e-001,    -2.182073e-001,    -9.730617e-002 
  -1.440653e-001,    -2.394422e-001,    -2.786205e-001,    -3.335495e-001,    -3.632822e-001,    -3.419258e-001,    -3.070913e-001,    -2.794218e-001,    -2.248208e-001,    -9.956254e-002 
  -1.375998e-001,    -2.359518e-001,    -2.743294e-001,    -3.295759e-001,    -3.585936e-001,    -3.403128e-001,    -3.064959e-001,    -2.807733e-001,    -2.278880e-001,    -1.084608e-001 
  -1.338161e-001,    -2.223268e-001,    -2.594162e-001,    -3.102415e-001,    -3.383106e-001,    -3.183100e-001,    -2.855558e-001,    -2.589295e-001,    -2.076771e-001,    -9.021472e-002 
  -1.427198e-001,    -2.443268e-001,    -2.864874e-001,    -3.430740e-001,    -3.746948e-001,    -3.551402e-001,    -3.187229e-001,    -2.888880e-001,    -2.322278e-001,    -1.045641e-001 
  -1.313279e-001,    -2.282798e-001,    -2.658838e-001,    -3.196620e-001,    -3.479882e-001,    -3.313279e-001,    -2.984963e-001,    -2.735100e-001,    -2.222865e-001,    -1.074988e-001 
  -1.311709e-001,    -2.245918e-001,    -2.628303e-001,    -3.149715e-001,    -3.437034e-001,    -3.258434e-001,    -2.926639e-001,    -2.659132e-001,    -2.142296e-001,    -9.770628e-002 
  -1.310751e-001,    -2.164987e-001,    -2.529334e-001,    -3.021654e-001,    -3.297275e-001,    -3.097109e-001,    -2.775678e-001,    -2.510097e-001,    -2.007266e-001,    -8.520459e-002 
  -1.322857e-001,    -2.181360e-001,    -2.552020e-001,    -3.046701e-001,    -3.326774e-001,    -3.123027e-001,    -2.796947e-001,    -2.524130e-001,    -2.014393e-001,    -8.430224e-002 
  -1.364700e-001,    -2.257708e-001,    -2.646839e-001,    -3.158642e-001,    -3.451940e-001,    -3.242751e-001,    -2.902511e-001,    -2.614303e-001,    -2.083265e-001,    -8.659828e-002 
  -1.418260e-001,    -2.343617e-001,    -2.729445e-001,    -3.264539e-001,    -3.557331e-001,    -3.342742e-001,    -2.999735e-001,    -2.723525e-001,    -2.185899e-001,    -9.493675e-002 
  -1.455460e-001,    -2.401672e-001,    -2.824680e-001,    -3.366098e-001,    -3.684074e-001,    -3.457429e-001,    -3.090004e-001,    -2.770626e-001,    -2.198134e-001,    -8.858820e-002 
  -1.491073e-001,    -2.499804e-001,    -2.971547e-001,    -3.533587e-001,    -3.884175e-001,    -3.656918e-001,    -3.258626e-001,    -2.892319e-001,    -2.276365e-001,    -8.810353e-002 
  -1.415602e-001,    -2.350626e-001,    -2.783806e-001,    -3.311433e-001,    -3.634776e-001,    -3.414722e-001,    -3.044959e-001,    -2.710123e-001,    -2.136615e-001,    -8.296174e-002 
  -1.460592e-001,    -2.389265e-001,    -2.853054e-001,    -3.378592e-001,    -3.723106e-001,    -3.481270e-001,    -3.090157e-001,    -2.713225e-001,    -2.108567e-001,    -7.250765e-002 
  -1.400359e-001,    -2.293711e-001,    -2.751539e-001,    -3.253574e-001,    -3.592397e-001,    -3.358881e-001,    -2.976395e-001,    -2.598774e-001,    -2.008949e-001,    -6.625483e-002 
  -1.388994e-001,    -2.340737e-001,    -2.803049e-001,    -3.326292e-001,    -3.667669e-001,    -3.455293e-001,    -3.071237e-001,    -2.703660e-001,    -2.112330e-001,    -7.794779e-002 
  -1.373979e-001,    -2.497044e-001,    -2.994020e-001,    -3.577604e-001,    -3.940946e-001,    -3.780760e-001,    -3.378252e-001,    -3.011999e-001,    -2.396629e-001,    -1.058795e-001 
  -1.268474e-001,    -2.214002e-001,    -2.679005e-001,    -3.178519e-001,    -3.517965e-001,    -3.339839e-001,    -2.964712e-001,    -2.594112e-001,    -2.021246e-001,    -7.548720e-002 
  -1.281210e-001,    -2.174621e-001,    -2.639915e-001,    -3.119943e-001,    -3.459965e-001,    -3.261332e-001,    -2.884934e-001,    -2.499768e-001,    -1.924510e-001,    -6.377490e-002 
  -1.290555e-001,    -2.140193e-001,    -2.619768e-001,    -3.079934e-001,    -3.429479e-001,    -3.211264e-001,    -2.825915e-001,    -2.410378e-001,    -1.822569e-001,    -4.974578e-002 
  -1.336099e-001,    -2.189061e-001,    -2.665604e-001,    -3.135609e-001,    -3.484580e-001,    -3.254130e-001,    -2.866556e-001,    -2.455032e-001,    -1.861792e-001,    -5.149544e-002 
  -1.297182e-001,    -2.133082e-001,    -2.578872e-001,    -3.042336e-001,    -3.370228e-001,    -3.152295e-001,    -2.785626e-001,    -2.410002e-001,    -1.846988e-001,    -5.677060e-002 
  -1.269284e-001,    -2.094631e-001,    -2.509161e-001,    -2.970777e-001,    -3.277597e-001,    -3.070989e-001,    -2.724557e-001,    -2.387041e-001,    -1.852766e-001,    -6.367743e-002 
  -1.250330e-001,    -2.134009e-001,    -2.543312e-001,    -3.027077e-001,    -3.329939e-001,    -3.148684e-001,    -2.806876e-001,    -2.492086e-001,    -1.965050e-001,    -7.823837e-002 
  -1.264729e-001,    -2.219488e-001,    -2.636846e-001,    -3.150631e-001,    -3.459142e-001,    -3.294497e-001,    -2.946848e-001,    -2.640429e-001,    -2.104759e-001,    -9.176041e-002 
  -1.367018e-001,    -2.412042e-001,    -2.881629e-001,    -3.438074e-001,    -3.783488e-001,    -3.606026e-001,    -3.219732e-001,    -2.868124e-001,    -2.274955e-001,    -9.658617e-002 
  -1.457229e-001,    -2.504936e-001,    -2.975811e-001,    -3.548433e-001,    -3.897428e-001,    -3.693053e-001,    -3.298193e-001,    -2.944048e-001,    -2.334525e-001,    -9.700247e-002 
  -1.565260e-001,    -2.574044e-001,    -3.076851e-001,    -3.644321e-001,    -4.017263e-001,    -3.761266e-001,    -3.338830e-001,    -2.931041e-001,    -2.278616e-001,    -7.901072e-002 
  -1.562486e-001,    -2.563049e-001,    -3.061462e-001,    -3.626077e-001,    -3.996093e-001,    -3.739196e-001,    -3.319505e-001,    -2.915246e-001,    -2.266665e-001,    -7.847746e-002 
  -1.553400e-001,    -2.494484e-001,    -2.970883e-001,    -3.514435e-001,    -3.869934e-001,    -3.601249e-001,    -3.194892e-001,    -2.803337e-001,    -2.173195e-001,    -7.172639e-002 
  -1.513866e-001,    -2.405079e-001,    -2.857899e-001,    -3.379547e-001,    -3.718587e-001,    -3.450764e-001,    -3.061278e-001,    -2.687564e-001,    -2.082249e-001,    -6.752367e-002 
  -1.499205e-001,    -2.485206e-001,    -2.954674e-001,    -3.509214e-001,    -3.858577e-001,    -3.622065e-001,    -3.224364e-001,    -2.854766e-001,    -2.239173e-001,    -8.371784e-002 
  -1.499888e-001,    -2.514456e-001,    -2.976459e-001,    -3.544685e-001,    -3.889240e-001,    -3.663073e-001,    -3.269567e-001,    -2.917270e-001,    -2.307289e-001,    -9.233489e-002 
  -1.457381e-001,    -2.305627e-001,    -2.751744e-001,    -3.247533e-001,    -3.580518e-001,    -3.317587e-001,    -2.936824e-001,    -2.561262e-001,    -1.970711e-001,    -5.979007e-002 
  -1.435864e-001,    -2.323512e-001,    -2.791125e-001,    -3.294569e-001,    -3.640802e-001,    -3.392714e-001,    -3.001569e-001,    -2.609134e-001,    -2.005754e-001,    -6.213838e-002 
  -1.409718e-001,    -2.300977e-001,    -2.771354e-001,    -3.271196e-001,    -3.618422e-001,    -3.378909e-001,    -2.988457e-001,    -2.593874e-001,    -1.992826e-001,    -6.206240e-002 
  -1.441010e-001,    -2.322188e-001,    -2.802060e-001,    -3.300848e-001,    -3.655169e-001,    -3.401034e-001,    -3.002455e-001,    -2.592335e-001,    -1.978670e-001,    -5.704448e-002 
  -1.378665e-001,    -2.332056e-001,    -2.775392e-001,    -3.301973e-001,    -3.630760e-001,    -3.425805e-001,    -3.053460e-001,    -2.711057e-001,    -2.136047e-001,    -8.395603e-002 
  -1.363725e-001,    -2.268113e-001,    -2.688790e-001,    -3.197801e-001,    -3.511475e-001,    -3.299974e-001,    -2.941840e-001,    -2.615885e-001,    -2.060807e-001,    -7.972713e-002 
  -1.318792e-001,    -2.095658e-001,    -2.485256e-001,    -2.941023e-001,    -3.233224e-001,    -3.001030e-001,    -2.664509e-001,    -2.345386e-001,    -1.821810e-001,    -6.038677e-002 
  -1.254332e-001,    -2.040928e-001,    -2.389255e-001,    -2.847676e-001,    -3.111215e-001,    -2.909920e-001,    -2.602515e-001,    -2.340529e-001,    -1.859600e-001,    -7.473444e-002 
  -1.306172e-001,    -2.129400e-001,    -2.479348e-001,    -2.961395e-001,    -3.227562e-001,    -3.021780e-001,    -2.708952e-001,    -2.453773e-001,    -1.962770e-001,    -8.255774e-002 
  -1.337929e-001,    -2.137314e-001,    -2.482465e-001,    -2.961161e-001,    -3.225193e-001,    -3.003094e-001,    -2.690243e-001,    -2.434321e-001,    -1.941590e-001,    -7.872824e-002 
  -1.282248e-001,    -2.103663e-001,    -2.460192e-001,    -2.935882e-001,    -3.205577e-001,    -3.005216e-001,    -2.690714e-001,    -2.426957e-001,    -1.934980e-001,    -8.013537e-002 
  -1.367774e-001,    -2.284751e-001,    -2.699741e-001,    -3.215979e-001,    -3.526097e-001,    -3.318485e-001,    -2.963241e-001,    -2.647946e-001,    -2.096542e-001,    -8.424817e-002 
  -1.375121e-001,    -2.369618e-001,    -2.811450e-001,    -3.354804e-001,    -3.682510e-001,    -3.491997e-001,    -3.120817e-001,    -2.791437e-001,    -2.218185e-001,    -9.358855e-002 
  -1.405612e-001,    -2.446644e-001,    -2.917601e-001,    -3.478647e-001,    -3.826122e-001,    -3.635351e-001,    -3.244926e-001,    -2.889796e-001,    -2.289002e-001,    -9.537059e-002 
  -1.483585e-001,    -2.646501e-001,    -3.135444e-001,    -3.756073e-001,    -4.117558e-001,    -3.938196e-001,    -3.530752e-001,    -3.183639e-001,    -2.555763e-001,    -1.174314e-001 
  -1.455896e-001,    -2.549680e-001,    -3.022375e-001,    -3.613433e-001,    -3.963564e-001,    -3.773881e-001,    -3.378100e-001,    -3.033971e-001,    -2.423279e-001,    -1.067597e-001 
  -1.492114e-001,    -2.621437e-001,    -3.090897e-001,    -3.703597e-001,    -4.052739e-001,    -3.863944e-001,    -3.466863e-001,    -3.135805e-001,    -2.521426e-001,    -1.157526e-001 
  -1.445018e-001,    -2.651058e-001,    -3.151580e-001,    -3.780808e-001,    -4.148608e-001,    -3.992429e-001,    -3.581734e-001,    -3.231874e-001,    -2.601683e-001,    -1.235330e-001 
  -1.483401e-001,    -2.737874e-001,    -3.267362e-001,    -3.916450e-001,    -4.304158e-001,    -4.145948e-001,    -3.715411e-001,    -3.340376e-001,    -2.681419e-001,    -1.258039e-001 
  -1.501033e-001,    -2.717609e-001,    -3.231655e-001,    -3.871641e-001,    -4.249897e-001,    -4.077313e-001,    -3.654047e-001,    -3.288527e-001,    -2.638418e-001,    -1.219778e-001 
  -1.447984e-001,    -2.663859e-001,    -3.171350e-001,    -3.803535e-001,    -4.175934e-001,    -4.020600e-001,    -3.605675e-001,    -3.249382e-001,    -2.613338e-001,    -1.236589e-001 
  -1.427121e-001,    -2.543447e-001,    -3.020103e-001,    -3.614675e-001,    -3.966492e-001,    -3.791968e-001,    -3.396427e-001,    -3.053719e-001,    -2.444889e-001,    -1.105540e-001 
  -1.442178e-001,    -2.672443e-001,    -3.183627e-001,    -3.819925e-001,    -4.194536e-001,    -4.044817e-001,    -3.628292e-001,    -3.271179e-001,    -2.633289e-001,    -1.257616e-001 
  -1.424817e-001,    -2.684860e-001,    -3.212158e-001,    -3.854084e-001,    -4.238590e-001,    -4.100450e-001,    -3.676248e-001,    -3.306572e-001,    -2.659276e-001,    -1.275732e-001 
  -1.366870e-001,    -2.581454e-001,    -3.085022e-001,    -3.703770e-001,    -4.071161e-001,    -3.940928e-001,    -3.535280e-001,    -3.185144e-001,    -2.565926e-001,    -1.243601e-001 
  -1.345607e-001,    -2.411922e-001,    -2.882369e-001,    -3.443786e-001,    -3.789103e-001,    -3.624769e-001,    -3.239843e-001,    -2.893205e-001,    -2.303024e-001,    -1.010428e-001 
  -1.399265e-001,    -2.446230e-001,    -2.929278e-001,    -3.488888e-001,    -3.843991e-001,    -3.654655e-001,    -3.257890e-001,    -2.888819e-001,    -2.279829e-001,    -9.307529e-002 
  -1.413085e-001,    -2.290361e-001,    -2.723700e-001,    -3.226942e-001,    -3.550311e-001,    -3.312639e-001,    -2.943004e-001,    -2.592534e-001,    -2.019332e-001,    -6.999609e-002 
  -1.457626e-001,    -2.274203e-001,    -2.704097e-001,    -3.190585e-001,    -3.513082e-001,    -3.243214e-001,    -2.871676e-001,    -2.508615e-001,    -1.930471e-001,    -5.755081e-002 
  -1.417849e-001,    -2.227157e-001,    -2.681545e-001,    -3.152548e-001,    -3.489678e-001,    -3.224795e-001,    -2.842750e-001,    -2.446751e-001,    -1.856586e-001,    -4.852711e-002 
  -1.502112e-001,    -2.346332e-001,    -2.803447e-001,    -3.302629e-001,    -3.644090e-001,    -3.364067e-001,    -2.973153e-001,    -2.581497e-001,    -1.974888e-001,    -5.570769e-002 
  -1.481935e-001,    -2.224444e-001,    -2.654220e-001,    -3.114195e-001,    -3.437356e-001,    -3.136556e-001,    -2.762975e-001,    -2.379792e-001,    -1.797598e-001,    -4.107800e-002 
  -1.479996e-001,    -2.276030e-001,    -2.725265e-001,    -3.202554e-001,    -3.538244e-001,    -3.251205e-001,    -2.866702e-001,    -2.472718e-001,    -1.875922e-001,    -4.723488e-002 
  -1.522029e-001,    -2.469804e-001,    -2.968498e-001,    -3.504292e-001,    -3.873257e-001,    -3.611865e-001,    -3.195526e-001,    -2.777473e-001,    -2.135567e-001,    -6.650001e-002 
  -1.491233e-001,    -2.418978e-001,    -2.895869e-001,    -3.423193e-001,    -3.777116e-001,    -3.523054e-001,    -3.121814e-001,    -2.727144e-001,    -2.107212e-001,    -6.845864e-002 
  -1.487999e-001,    -2.380044e-001,    -2.845989e-001,    -3.360522e-001,    -3.707266e-001,    -3.445004e-001,    -3.050283e-001,    -2.660265e-001,    -2.049284e-001,    -6.373505e-002 
  -1.474517e-001,    -2.371264e-001,    -2.787813e-001,    -3.313490e-001,    -3.627869e-001,    -3.380964e-001,    -3.015566e-001,    -2.690953e-001,    -2.120172e-001,    -7.949705e-002 
  -1.456772e-001,    -2.296330e-001,    -2.700954e-001,    -3.202695e-001,    -3.508819e-001,    -3.251504e-001,    -2.894442e-001,    -2.570247e-001,    -2.011639e-001,    -7.022850e-002 
  -1.487176e-001,    -2.283864e-001,    -2.678904e-001,    -3.170297e-001,    -3.471147e-001,    -3.192826e-001,    -2.838587e-001,    -2.514769e-001,    -1.958336e-001,    -6.357020e-002 
  -1.442746e-001,    -2.101394e-001,    -2.461416e-001,    -2.896210e-001,    -3.173055e-001,    -2.871322e-001,    -2.540897e-001,    -2.226177e-001,    -1.704181e-001,    -4.305372e-002 
  -1.446114e-001,    -2.025284e-001,    -2.357822e-001,    -2.766664e-001,    -3.025832e-001,    -2.703237e-001,    -2.388183e-001,    -2.087666e-001,    -1.586186e-001,    -3.349121e-002 
  -1.520945e-001,    -2.165377e-001,    -2.524945e-001,    -2.967276e-001,    -3.246209e-001,    -2.916199e-001,    -2.579245e-001,    -2.259927e-001,    -1.724960e-001,    -4.018497e-002 
  -1.611452e-001,    -2.347414e-001,    -2.744800e-001,    -3.231661e-001,    -3.537815e-001,    -3.201828e-001,    -2.835464e-001,    -2.490150e-001,    -1.910748e-001,    -4.956779e-002 
  -1.573725e-001,    -2.230087e-001,    -2.608124e-001,    -3.060089e-001,    -3.352577e-001,    -3.006616e-001,    -2.654554e-001,    -2.313608e-001,    -1.755480e-001,    -3.745855e-002 
  -1.558847e-001,    -2.221356e-001,    -2.597820e-001,    -3.050163e-001,    -3.341181e-001,    -3.002021e-001,    -2.652148e-001,    -2.315147e-001,    -1.760760e-001,    -3.926958e-002 
  -1.543712e-001,    -2.096808e-001,    -2.443206e-001,    -2.854647e-001,    -3.125754e-001,    -2.762370e-001,    -2.430945e-001,    -2.103791e-001,    -1.575052e-001,    -2.374223e-002 
  -1.614669e-001,    -2.202459e-001,    -2.568789e-001,    -3.002048e-001,    -3.288211e-001,    -2.910279e-001,    -2.561334e-001,    -2.216439e-001,    -1.660320e-001,    -2.570984e-002 
  -1.584744e-001,    -2.116476e-001,    -2.479803e-001,    -2.885444e-001,    -3.168752e-001,    -2.782723e-001,    -2.438088e-001,    -2.082587e-001,    -1.533870e-001,    -1.400514e-002 
  -1.594132e-001,    -2.133507e-001,    -2.531624e-001,    -2.933936e-001,    -3.240035e-001,    -2.846704e-001,    -2.481426e-001,    -2.082796e-001,    -1.505783e-001,    -5.352832e-003 
  -1.571057e-001,    -2.107587e-001,    -2.486113e-001,    -2.887874e-001,    -3.180596e-001,    -2.797266e-001,    -2.445157e-001,    -2.071518e-001,    -1.513469e-001,    -1.051172e-002 
  -1.527410e-001,    -2.105518e-001,    -2.518679e-001,    -2.922169e-001,    -3.235968e-001,    -2.872326e-001,    -2.504266e-001,    -2.097725e-001,    -1.520534e-001,    -9.375737e-003 
  -1.527495e-001,    -2.254463e-001,    -2.702656e-001,    -3.159670e-001,    -3.496133e-001,    -3.172862e-001,    -2.784830e-001,    -2.372851e-001,    -1.768764e-001,    -3.220796e-002 
  -1.516639e-001,    -2.280206e-001,    -2.720159e-001,    -3.192400e-001,    -3.523201e-001,    -3.216501e-001,    -2.834108e-001,    -2.442788e-001,    -1.846873e-001,    -4.282669e-002 
  -1.540354e-001,    -2.264673e-001,    -2.681822e-001,    -3.147151e-001,    -3.463923e-001,    -3.142018e-001,    -2.770563e-001,    -2.397812e-001,    -1.815356e-001,    -4.090850e-002 
  -1.538641e-001,    -2.173499e-001,    -2.572786e-001,    -3.004924e-001,    -3.310089e-001,    -2.963798e-001,    -2.602671e-001,    -2.229090e-001,    -1.660632e-001,    -2.623104e-002 
  -1.531424e-001,    -2.334229e-001,    -2.766326e-001,    -3.259167e-001,    -3.585337e-001,    -3.288150e-001,    -2.908951e-001,    -2.538049e-001,    -1.945644e-001,    -5.397810e-002 
  -1.508984e-001,    -2.311514e-001,    -2.752462e-001,    -3.239307e-001,    -3.570520e-001,    -3.278341e-001,    -2.896045e-001,    -2.514012e-001,    -1.918637e-001,    -5.122498e-002 
  -1.581435e-001,    -2.356939e-001,    -2.810937e-001,    -3.295892e-001,    -3.637752e-001,    -3.312313e-001,    -2.916290e-001,    -2.508858e-001,    -1.891131e-001,    -4.144945e-002 
  -1.561553e-001,    -2.400037e-001,    -2.869685e-001,    -3.373700e-001,    -3.725078e-001,    -3.422631e-001,    -3.019415e-001,    -2.608960e-001,    -1.982610e-001,    -5.081763e-002 
  -1.538422e-001,    -2.487276e-001,    -2.984050e-001,    -3.523530e-001,    -3.891752e-001,    -3.626083e-001,    -3.209415e-001,    -2.793846e-001,    -2.150621e-001,    -6.735079e-002 
  -1.594826e-001,    -2.424060e-001,    -2.917032e-001,    -3.417456e-001,    -3.784936e-001,    -3.464796e-001,    -3.045399e-001,    -2.601703e-001,    -1.951788e-001,    -4.186290e-002 
  -1.557714e-001,    -2.398743e-001,    -2.896134e-001,    -3.394094e-001,    -3.763303e-001,    -3.457357e-001,    -3.038663e-001,    -2.593063e-001,    -1.946079e-001,    -4.309894e-002 
  -1.569412e-001,    -2.441858e-001,    -2.961468e-001,    -3.469264e-001,    -3.853201e-001,    -3.549288e-001,    -3.116916e-001,    -2.650783e-001,    -1.984757e-001,    -4.351993e-002 
  -1.563667e-001,    -2.528796e-001,    -3.071144e-001,    -3.611061e-001,    -4.009533e-001,    -3.732341e-001,    -3.287508e-001,    -2.816892e-001,    -2.134396e-001,    -5.744588e-002 
  -1.578210e-001,    -2.580434e-001,    -3.113209e-001,    -3.673195e-001,    -4.065918e-001,    -3.797970e-001,    -3.357331e-001,    -2.908784e-001,    -2.231158e-001,    -6.862990e-002 
  -1.609487e-001,    -2.598413e-001,    -3.151575e-001,    -3.706637e-001,    -4.113500e-001,    -3.827763e-001,    -3.372790e-001,    -2.893753e-001,    -2.195156e-001,    -5.964232e-002 
  -1.517253e-001,    -2.345538e-001,    -2.838437e-001,    -3.325270e-001,    -3.690341e-001,    -3.393571e-001,    -2.980949e-001,    -2.538459e-001,    -1.901813e-001,    -4.149958e-002 
  -1.500147e-001,    -2.396202e-001,    -2.882155e-001,    -3.395763e-001,    -3.755819e-001,    -3.487177e-001,    -3.080000e-001,    -2.664958e-001,    -2.036555e-001,    -5.868858e-002 
  -1.522037e-001,    -2.416305e-001,    -2.909672e-001,    -3.424543e-001,    -3.790061e-001,    -3.512712e-001,    -3.099409e-001,    -2.673911e-001,    -2.036091e-001,    -5.612518e-002 
  -1.574809e-001,    -2.496507e-001,    -3.021056e-001,    -3.549022e-001,    -3.936320e-001,    -3.645439e-001,    -3.209783e-001,    -2.750362e-001,    -2.079627e-001,    -5.307101e-002 
  -1.637020e-001,    -2.610890e-001,    -3.172025e-001,    -3.723686e-001,    -4.136546e-001,    -3.836052e-001,    -3.374145e-001,    -2.880273e-001,    -2.170868e-001,    -5.395776e-002 
  -1.556676e-001,    -2.519602e-001,    -3.078015e-001,    -3.612091e-001,    -4.020742e-001,    -3.741811e-001,    -3.288429e-001,    -2.796562e-001,    -2.102931e-001,    -5.214405e-002 
  -1.598425e-001,    -2.626577e-001,    -3.205057e-001,    -3.768592e-001,    -4.191496e-001,    -3.916601e-001,    -3.448159e-001,    -2.947071e-001,    -2.230931e-001,    -6.083343e-002 
  -1.532523e-001,    -2.598638e-001,    -3.137559e-001,    -3.714798e-001,    -4.110104e-001,    -3.875184e-001,    -3.435008e-001,    -2.996434e-001,    -2.321873e-001,    -8.098049e-002 
  -1.551415e-001,    -2.677846e-001,    -3.210770e-001,    -3.817606e-001,    -4.209609e-001,    -3.989281e-001,    -3.550883e-001,    -3.135896e-001,    -2.462718e-001,    -9.629914e-002 
  -1.562233e-001,    -2.689574e-001,    -3.235163e-001,    -3.841271e-001,    -4.241796e-001,    -4.015959e-001,    -3.569403e-001,    -3.138085e-001,    -2.453347e-001,    -9.274743e-002 
  -1.607818e-001,    -2.777166e-001,    -3.335513e-001,    -3.963817e-001,    -4.373984e-001,    -4.145076e-001,    -3.687293e-001,    -3.249921e-001,    -2.547629e-001,    -9.843468e-002 
  -1.681823e-001,    -2.925908e-001,    -3.516108e-001,    -4.180564e-001,    -4.613590e-001,    -4.379579e-001,    -3.897218e-001,    -3.437357e-001,    -2.698018e-001,    -1.058057e-001 
  -1.697079e-001,    -3.046401e-001,    -3.647981e-001,    -4.355978e-001,    -4.796831e-001,    -4.589369e-001,    -4.099197e-001,    -3.652543e-001,    -2.901873e-001,    -1.259755e-001 
  -1.639802e-001,    -2.902708e-001,    -3.457375e-001,    -4.130737e-001,    -4.539497e-001,    -4.331298e-001,    -3.872836e-001,    -3.464732e-001,    -2.759817e-001,    -1.205248e-001 
  -1.678387e-001,    -2.967054e-001,    -3.529350e-001,    -4.218179e-001,    -4.633050e-001,    -4.419766e-001,    -3.953606e-001,    -3.541853e-001,    -2.824511e-001,    -1.240940e-001 
  -1.674988e-001,    -2.965976e-001,    -3.565307e-001,    -4.245902e-001,    -4.684627e-001,    -4.465806e-001,    -3.978834e-001,    -3.519848e-001,    -2.774668e-001,    -1.135539e-001 
  -1.657851e-001,    -2.820588e-001,    -3.398950e-001,    -4.028382e-001,    -4.453019e-001,    -4.202802e-001,    -3.729268e-001,    -3.263350e-001,    -2.537178e-001,    -9.109558e-002 
  -1.765924e-001,    -3.003129e-001,    -3.631963e-001,    -4.298904e-001,    -4.759484e-001,    -4.490011e-001,    -3.978331e-001,    -3.465162e-001,    -2.681854e-001,    -9.292585e-002 
  -1.738296e-001,    -2.977397e-001,    -3.609442e-001,    -4.271717e-001,    -4.733532e-001,    -4.472454e-001,    -3.961342e-001,    -3.445013e-001,    -2.663947e-001,    -9.233008e-002 
  -1.802499e-001,    -3.093915e-001,    -3.750479e-001,    -4.439653e-001,    -4.919286e-001,    -4.650414e-001,    -4.119755e-001,    -3.584591e-001,    -2.773775e-001,    -9.685418e-002 
  -1.752410e-001,    -3.098161e-001,    -3.750368e-001,    -4.454530e-001,    -4.929819e-001,    -4.694353e-001,    -4.170525e-001,    -3.656439e-001,    -2.857497e-001,    -1.101923e-001 
  -1.799128e-001,    -3.188679e-001,    -3.849692e-001,    -4.577906e-001,    -5.060314e-001,    -4.822783e-001,    -4.289881e-001,    -3.775315e-001,    -2.961658e-001,    -1.174624e-001 
  -1.715199e-001,    -3.023143e-001,    -3.645030e-001,    -4.334249e-001,    -4.788790e-001,    -4.558641e-001,    -4.055324e-001,    -3.570990e-001,    -2.801652e-001,    -1.107036e-001 
  -1.723123e-001,    -2.947488e-001,    -3.565048e-001,    -4.222004e-001,    -4.673987e-001,    -4.415712e-001,    -3.914173e-001,    -3.412904e-001,    -2.645537e-001,    -9.332398e-002 
  -1.840256e-001,    -3.065276e-001,    -3.692033e-001,    -4.367071e-001,    -4.828572e-001,    -4.532967e-001,    -4.016017e-001,    -3.500960e-001,    -2.706584e-001,    -9.098612e-002 
  -1.840124e-001,    -2.988298e-001,    -3.595833e-001,    -4.243491e-001,    -4.692554e-001,    -4.376358e-001,    -3.870375e-001,    -3.359598e-001,    -2.579994e-001,    -7.953863e-002 
  -1.924618e-001,    -3.156472e-001,    -3.823464e-001,    -4.506341e-001,    -4.996439e-001,    -4.669335e-001,    -4.122132e-001,    -3.555366e-001,    -2.715748e-001,    -8.069586e-002 
  -1.972277e-001,    -3.328056e-001,    -4.045563e-001,    -4.776136e-001,    -5.300364e-001,    -4.988140e-001,    -4.408010e-001,    -3.808255e-001,    -2.921757e-001,    -9.343775e-002 
  -1.993090e-001,    -3.476366e-001,    -4.225667e-001,    -5.005198e-001,    -5.550626e-001,    -5.266303e-001,    -4.666247e-001,    -4.059154e-001,    -3.144716e-001,    -1.125060e-001 
  -1.977875e-001,    -3.486018e-001,    -4.271898e-001,    -5.050627e-001,    -5.619255e-001,    -5.340254e-001,    -4.720671e-001,    -4.073183e-001,    -3.133268e-001,    -1.071164e-001 
  -1.943051e-001,    -3.452374e-001,    -4.233151e-001,    -5.007624e-001,    -5.571890e-001,    -5.304892e-001,    -4.691241e-001,    -4.051286e-001,    -3.121218e-001,    -1.088259e-001 
  -1.990576e-001,    -3.554662e-001,    -4.373172e-001,    -5.169644e-001,    -5.759767e-001,    -5.488231e-001,    -4.848950e-001,    -4.174014e-001,    -3.206897e-001,    -1.099170e-001 
  -1.943388e-001,    -3.427730e-001,    -4.203521e-001,    -4.968864e-001,    -5.529915e-001,    -5.255859e-001,    -4.645019e-001,    -4.004815e-001,    -3.078515e-001,    -1.047283e-001 
  -1.911312e-001,    -3.161333e-001,    -3.884510e-001,    -4.559573e-001,    -5.085611e-001,    -4.757248e-001,    -4.179179e-001,    -3.544824e-001,    -2.664360e-001,    -6.796204e-002 
  -1.930885e-001,    -3.080223e-001,    -3.761099e-001,    -4.407633e-001,    -4.906904e-001,    -4.548921e-001,    -3.993261e-001,    -3.386312e-001,    -2.534973e-001,    -5.811535e-002 
  -1.967697e-001,    -3.105421e-001,    -3.785780e-001,    -4.433895e-001,    -4.933952e-001,    -4.561153e-001,    -4.002593e-001,    -3.392552e-001,    -2.535339e-001,    -5.575465e-002 
  -1.906792e-001,    -3.065940e-001,    -3.712657e-001,    -4.367100e-001,    -4.843540e-001,    -4.502766e-001,    -3.968665e-001,    -3.408962e-001,    -2.587937e-001,    -7.044871e-002 
  -2.065343e-001,    -3.314684e-001,    -4.000074e-001,    -4.709883e-001,    -5.216170e-001,    -4.848074e-001,    -4.278169e-001,    -3.689805e-001,    -2.812100e-001,    -7.942862e-002 
  -2.017814e-001,    -3.215893e-001,    -3.851872e-001,    -4.543849e-001,    -5.016724e-001,    -4.656584e-001,    -4.118966e-001,    -3.581633e-001,    -2.749939e-001,    -8.260583e-002 
  -1.965058e-001,    -3.163710e-001,    -3.779485e-001,    -4.467414e-001,    -4.925612e-001,    -4.585733e-001,    -4.064209e-001,    -3.554099e-001,    -2.746893e-001,    -8.864571e-002 
  -1.882666e-001,    -3.009968e-001,    -3.610757e-001,    -4.258585e-001,    -4.704579e-001,    -4.370108e-001,    -3.864277e-001,    -3.355887e-001,    -2.574214e-001,    -7.697967e-002 
  -1.799762e-001,    -2.847679e-001,    -3.467408e-001,    -4.063826e-001,    -4.519547e-001,    -4.181388e-001,    -3.671960e-001,    -3.119254e-001,    -2.337169e-001,    -5.339191e-002 
  -1.728780e-001,    -2.732487e-001,    -3.306888e-001,    -3.883450e-001,    -4.307687e-001,    -3.986073e-001,    -3.508639e-001,    -3.003982e-001,    -2.268767e-001,    -5.687465e-002 
  -1.742266e-001,    -2.889717e-001,    -3.498148e-001,    -4.128629e-001,    -4.575290e-001,    -4.288533e-001,    -3.790535e-001,    -3.280129e-001,    -2.516506e-001,    -7.889201e-002 
  -1.789110e-001,    -2.828682e-001,    -3.439229e-001,    -4.032513e-001,    -4.481970e-001,    -4.146221e-001,    -3.642949e-001,    -3.100075e-001,    -2.326849e-001,    -5.424223e-002 
  -1.718554e-001,    -2.868593e-001,    -3.467366e-001,    -4.097129e-001,    -4.536820e-001,    -4.260023e-001,    -3.769587e-001,    -3.272789e-001,    -2.520615e-001,    -8.230007e-002 
  -1.706149e-001,    -2.982682e-001,    -3.593457e-001,    -4.270709e-001,    -4.717786e-001,    -4.482608e-001,    -3.986409e-001,    -3.508195e-001,    -2.748926e-001,    -1.069759e-001 
  -1.682698e-001,    -2.874258e-001,    -3.464978e-001,    -4.107705e-001,    -4.541095e-001,    -4.290020e-001,    -3.807287e-001,    -3.332664e-001,    -2.592778e-001,    -9.390787e-002 
  -1.696634e-001,    -2.926592e-001,    -3.530792e-001,    -4.188661e-001,    -4.631196e-001,    -4.385414e-001,    -3.893787e-001,    -3.411766e-001,    -2.659162e-001,    -9.850179e-002 
  -1.705759e-001,    -2.839947e-001,    -3.442331e-001,    -4.062508e-001,    -4.504145e-001,    -4.225499e-001,    -3.734117e-001,    -3.228625e-001,    -2.475860e-001,    -7.764976e-002 
  -1.699503e-001,    -2.688166e-001,    -3.274454e-001,    -3.837033e-001,    -4.268067e-001,    -3.948254e-001,    -3.466588e-001,    -2.943037e-001,    -2.203689e-001,    -4.989874e-002 
  -1.717258e-001,    -2.659674e-001,    -3.235776e-001,    -3.784592e-001,    -4.209578e-001,    -3.871661e-001,    -3.394259e-001,    -2.871182e-001,    -2.136625e-001,    -4.263651e-002 
  -1.761703e-001,    -2.979676e-001,    -3.624840e-001,    -4.279297e-001,    -4.750312e-001,    -4.472790e-001,    -3.952169e-001,    -3.412793e-001,    -2.617673e-001,    -8.374274e-002 
  -1.779828e-001,    -3.058652e-001,    -3.722823e-001,    -4.401150e-001,    -4.885012e-001,    -4.617551e-001,    -4.084525e-001,    -3.536545e-001,    -2.723753e-001,    -9.171805e-002 
  -1.853924e-001,    -3.140666e-001,    -3.823463e-001,    -4.513357e-001,    -5.011526e-001,    -4.720307e-001,    -4.170233e-001,    -3.598970e-001,    -2.759266e-001,    -8.809508e-002 
  -1.891596e-001,    -3.240285e-001,    -3.918626e-001,    -4.641632e-001,    -5.138067e-001,    -4.855927e-001,    -4.305122e-001,    -3.755559e-001,    -2.912857e-001,    -1.033602e-001 
  -1.946912e-001,    -3.399649e-001,    -4.101029e-001,    -4.871195e-001,    -5.384217e-001,    -5.113730e-001,    -4.544994e-001,    -3.992530e-001,    -3.122728e-001,    -1.198746e-001 
  -1.882361e-001,    -3.217778e-001,    -3.866236e-001,    -4.589125e-001,    -5.065946e-001,    -4.788305e-001,    -4.255333e-001,    -3.741039e-001,    -2.922841e-001,    -1.092899e-001 
  -1.955868e-001,    -3.421070e-001,    -4.078608e-001,    -4.865663e-001,    -5.350598e-001,    -5.089996e-001,    -4.545468e-001,    -4.052908e-001,    -3.215221e-001,    -1.357645e-001 
  -1.983868e-001,    -3.270052e-001,    -3.867056e-001,    -4.598813e-001,    -5.045442e-001,    -4.731352e-001,    -4.218893e-001,    -3.756189e-001,    -2.960182e-001,    -1.138613e-001 
  -2.044057e-001,    -3.323589e-001,    -3.920497e-001,    -4.659773e-001,    -5.108174e-001,    -4.773633e-001,    -4.256003e-001,    -3.790581e-001,    -2.984396e-001,    -1.125366e-001 
  -1.989865e-001,    -3.195806e-001,    -3.783401e-001,    -4.485131e-001,    -4.925856e-001,    -4.586290e-001,    -4.078673e-001,    -3.606536e-001,    -2.816728e-001,    -9.873967e-002 
  -1.937058e-001,    -3.125595e-001,    -3.691769e-001,    -4.382280e-001,    -4.807540e-001,    -4.482776e-001,    -3.991951e-001,    -3.543794e-001,    -2.779418e-001,    -1.011228e-001 
  -1.923666e-001,    -3.120783e-001,    -3.686838e-001,    -4.378649e-001,    -4.803424e-001,    -4.485494e-001,    -3.995900e-001,    -3.550432e-001,    -2.788428e-001,    -1.030470e-001 
  -1.887035e-001,    -3.152612e-001,    -3.724293e-001,    -4.436913e-001,    -4.864211e-001,    -4.578103e-001,    -4.088481e-001,    -3.654723e-001,    -2.894641e-001,    -1.165946e-001 
  -1.887432e-001,    -3.269254e-001,    -3.856820e-001,    -4.613962e-001,    -5.051548e-001,    -4.799129e-001,    -4.300421e-001,    -3.877253e-001,    -3.104914e-001,    -1.378486e-001 
  -1.841877e-001,    -3.300740e-001,    -3.879587e-001,    -4.662910e-001,    -5.093468e-001,    -4.881150e-001,    -4.391365e-001,    -4.000923e-001,    -3.243034e-001,    -1.575759e-001 
  -1.862533e-001,    -3.459662e-001,    -4.048193e-001,    -4.890053e-001,    -5.327504e-001,    -5.150921e-001,    -4.653824e-001,    -4.287537e-001,    -3.518699e-001,    -1.856492e-001 
  -1.933590e-001,    -3.597172e-001,    -4.247653e-001,    -5.114727e-001,    -5.594418e-001,    -5.405056e-001,    -4.866484e-001,    -4.436602e-001,    -3.608124e-001,    -1.821799e-001 
  -1.941029e-001,    -3.520174e-001,    -4.148894e-001,    -4.987324e-001,    -5.453164e-001,    -5.238992e-001,    -4.712177e-001,    -4.287693e-001,    -3.474647e-001,    -1.698097e-001 
  -1.915990e-001,    -3.505408e-001,    -4.140899e-001,    -4.977744e-001,    -5.447202e-001,    -5.242595e-001,    -4.714094e-001,    -4.284043e-001,    -3.470066e-001,    -1.700305e-001 
  -1.985759e-001,    -3.676706e-001,    -4.350069e-001,    -5.232040e-001,    -5.728122e-001,    -5.527030e-001,    -4.970889e-001,    -4.517816e-001,    -3.662895e-001,    -1.815869e-001 
  -1.975372e-001,    -3.828598e-001,    -4.537574e-001,    -5.476708e-001,    -5.995512e-001,    -5.842136e-001,    -5.266599e-001,    -4.811117e-001,    -3.930639e-001,    -2.072231e-001 
  -1.965020e-001,    -3.717867e-001,    -4.391697e-001,    -5.295667e-001,    -5.791419e-001,    -5.616235e-001,    -5.061627e-001,    -4.624903e-001,    -3.773156e-001,    -1.952428e-001 
  -1.988196e-001,    -3.749118e-001,    -4.431366e-001,    -5.340669e-001,    -5.842574e-001,    -5.661225e-001,    -5.099808e-001,    -4.653946e-001,    -3.791792e-001,    -1.945875e-001 
  -1.885714e-001,    -3.558860e-001,    -4.210116e-001,    -5.072816e-001,    -5.551550e-001,    -5.379676e-001,    -4.844818e-001,    -4.417341e-001,    -3.596424e-001,    -1.839809e-001 
  -1.889881e-001,    -3.590481e-001,    -4.260426e-001,    -5.130860e-001,    -5.621811e-001,    -5.453702e-001,    -4.907832e-001,    -4.463456e-001,    -3.627488e-001,    -1.845517e-001 
  -1.834826e-001,    -3.656825e-001,    -4.345353e-001,    -5.252371e-001,    -5.753666e-001,    -5.637264e-001,    -5.085582e-001,    -4.650663e-001,    -3.809813e-001,    -2.060294e-001 
  -1.844862e-001,    -3.695134e-001,    -4.376805e-001,    -5.298839e-001,    -5.796004e-001,    -5.686881e-001,    -5.138236e-001,    -4.719587e-001,    -3.882290e-001,    -2.144201e-001 
  -1.878866e-001,    -3.780503e-001,    -4.459477e-001,    -5.409206e-001,    -5.905662e-001,    -5.803027e-001,    -5.252967e-001,    -4.850971e-001,    -4.009952e-001,    -2.267860e-001 
  -1.824028e-001,    -3.691386e-001,    -4.334213e-001,    -5.268813e-001,    -5.740215e-001,    -5.650546e-001,    -5.125847e-001,    -4.762400e-001,    -3.958457e-001,    -2.297860e-001 
  -1.789481e-001,    -3.558327e-001,    -4.162116e-001,    -5.059110e-001,    -5.504206e-001,    -5.401468e-001,    -4.902017e-001,    -4.563288e-001,    -3.795185e-001,    -2.193304e-001 
  -1.744489e-001,    -3.487096e-001,    -4.073795e-001,    -4.956234e-001,    -5.388905e-001,    -5.294922e-001,    -4.809116e-001,    -4.486260e-001,    -3.738933e-001,    -2.184630e-001 
  -1.748300e-001,    -3.583648e-001,    -4.193116e-001,    -5.109321e-001,    -5.556837e-001,    -5.486674e-001,    -4.987561e-001,    -4.660030e-001,    -3.894583e-001,    -2.324147e-001 
  -1.749913e-001,    -3.565550e-001,    -4.154102e-001,    -5.067284e-001,    -5.501319e-001,    -5.428528e-001,    -4.941195e-001,    -4.635414e-001,    -3.885743e-001,    -2.342523e-001 
  -1.672621e-001,    -3.465078e-001,    -4.046708e-001,    -4.938733e-001,    -5.365935e-001,    -5.310715e-001,    -4.834037e-001,    -4.532362e-001,    -3.801166e-001,    -2.309623e-001 
  -1.741186e-001,    -3.632268e-001,    -4.254497e-001,    -5.189606e-001,    -5.645160e-001,    -5.592362e-001,    -5.086594e-001,    -4.757612e-001,    -3.983585e-001,    -2.410531e-001 
  -1.729544e-001,    -3.512097e-001,    -4.090053e-001,    -4.988526e-001,    -5.415086e-001,    -5.340084e-001,    -4.860558e-001,    -4.559979e-001,    -3.821906e-001,    -2.299707e-001 
  -1.751074e-001,    -3.578550e-001,    -4.152266e-001,    -5.074001e-001,    -5.498474e-001,    -5.432020e-001,    -4.953042e-001,    -4.669608e-001,    -3.931122e-001,    -2.413293e-001 
  -1.756118e-001,    -3.577832e-001,    -4.143485e-001,    -5.065569e-001,    -5.484979e-001,    -5.416748e-001,    -4.941927e-001,    -4.667291e-001,    -3.934133e-001,    -2.424582e-001 
  -1.764912e-001,    -3.558828e-001,    -4.123383e-001,    -5.035706e-001,    -5.454674e-001,    -5.375142e-001,    -4.900184e-001,    -4.619365e-001,    -3.885552e-001,    -2.365896e-001 
  -1.677098e-001,    -3.293635e-001,    -3.786984e-001,    -4.627444e-001,    -4.997675e-001,    -4.902603e-001,    -4.475849e-001,    -4.241173e-001,    -3.576956e-001,    -2.179798e-001 
  -1.748618e-001,    -3.405457e-001,    -3.913666e-001,    -4.779544e-001,    -5.161567e-001,    -5.054560e-001,    -4.613128e-001,    -4.368765e-001,    -3.680962e-001,    -2.227162e-001 
  -1.803271e-001,    -3.420923e-001,    -3.931389e-001,    -4.789820e-001,    -5.174967e-001,    -5.038391e-001,    -4.590929e-001,    -4.332184e-001,    -3.633341e-001,    -2.134022e-001 
  -1.813412e-001,    -3.501451e-001,    -4.023338e-001,    -4.909993e-001,    -5.302837e-001,    -5.183285e-001,    -4.728434e-001,    -4.473594e-001,    -3.764260e-001,    -2.257554e-001 
  -1.909733e-001,    -3.784331e-001,    -4.372133e-001,    -5.337133e-001,    -5.775551e-001,    -5.672907e-001,    -5.172128e-001,    -4.880301e-001,    -4.103983e-001,    -2.480159e-001 
  -1.931476e-001,    -3.793907e-001,    -4.384824e-001,    -5.347763e-001,    -5.788858e-001,    -5.675101e-001,    -5.170659e-001,    -4.871159e-001,    -4.088748e-001,    -2.444142e-001 
  -1.996427e-001,    -3.826778e-001,    -4.423162e-001,    -5.382604e-001,    -5.829215e-001,    -5.684373e-001,    -5.171178e-001,    -4.854864e-001,    -4.057195e-001,    -2.357540e-001 
  -1.920280e-001,    -3.746142e-001,    -4.329384e-001,    -5.277055e-001,    -5.712844e-001,    -5.592394e-001,    -5.093298e-001,    -4.794125e-001,    -4.019509e-001,    -2.385023e-001 
  -1.947785e-001,    -3.690507e-001,    -4.266931e-001,    -5.186435e-001,    -5.618652e-001,    -5.464734e-001,    -4.967136e-001,    -4.654022e-001,    -3.879953e-001,    -2.220073e-001 
  -1.921585e-001,    -3.516763e-001,    -4.024765e-001,    -4.894612e-001,    -5.281769e-001,    -5.102453e-001,    -4.646125e-001,    -4.382462e-001,    -3.665357e-001,    -2.093753e-001 
  -1.899105e-001,    -3.616499e-001,    -4.159998e-001,    -5.068380e-001,    -5.477815e-001,    -5.337193e-001,    -4.862585e-001,    -4.586140e-001,    -3.845627e-001,    -2.260608e-001 
  -1.997948e-001,    -3.830825e-001,    -4.408080e-001,    -5.373278e-001,    -5.807561e-001,    -5.666835e-001,    -5.164409e-001,    -4.873493e-001,    -4.090241e-001,    -2.420301e-001 
  -2.033155e-001,    -3.935950e-001,    -4.543959e-001,    -5.536959e-001,    -5.992210e-001,    -5.856897e-001,    -5.333887e-001,    -5.021296e-001,    -4.208450e-001,    -2.485651e-001 
  -1.983574e-001,    -3.762224e-001,    -4.320862e-001,    -5.265482e-001,    -5.687284e-001,    -5.537381e-001,    -5.046813e-001,    -4.765708e-001,    -3.999191e-001,    -2.354285e-001 
  -2.012927e-001,    -3.834733e-001,    -4.398813e-001,    -5.365043e-001,    -5.791259e-001,    -5.645047e-001,    -5.148829e-001,    -4.871729e-001,    -4.096037e-001,    -2.435198e-001 
  -2.062307e-001,    -4.078013e-001,    -4.688305e-001,    -5.732509e-001,    -6.190124e-001,    -6.081358e-001,    -5.554517e-001,    -5.268715e-001,    -4.449152e-001,    -2.731970e-001 
  -2.065724e-001,    -4.036874e-001,    -4.633680e-001,    -5.663148e-001,    -6.112142e-001,    -5.990835e-001,    -5.471383e-001,    -5.191031e-001,    -4.381234e-001,    -2.672660e-001 
  -2.066150e-001,    -4.065657e-001,    -4.662163e-001,    -5.703520e-001,    -6.152333e-001,    -6.039968e-001,    -5.520650e-001,    -5.248276e-001,    -4.438637e-001,    -2.736972e-001 
  -1.967428e-001,    -4.011590e-001,    -4.581488e-001,    -5.630717e-001,    -6.059310e-001,    -5.996499e-001,    -5.500916e-001,    -5.276671e-001,    -4.504264e-001,    -2.914029e-001 
  -1.983277e-001,    -4.070177e-001,    -4.657462e-001,    -5.723047e-001,    -6.163371e-001,    -6.105877e-001,    -5.599009e-001,    -5.363442e-001,    -4.574994e-001,    -2.958062e-001 
  -2.003700e-001,    -4.234210e-001,    -4.846290e-001,    -5.969070e-001,    -6.426055e-001,    -6.403083e-001,    -5.880310e-001,    -5.650783e-001,    -4.839830e-001,    -3.205643e-001 
  -2.027229e-001,    -4.353520e-001,    -5.006639e-001,    -6.163552e-001,    -6.647803e-001,    -6.639996e-001,    -6.091792e-001,    -5.834419e-001,    -4.987969e-001,    -3.297875e-001 
  -1.979717e-001,    -4.135092e-001,    -4.721735e-001,    -5.815226e-001,    -6.255026e-001,    -6.220509e-001,    -5.714315e-001,    -5.497988e-001,    -4.710639e-001,    -3.113010e-001 
  -1.958229e-001,    -4.027165e-001,    -4.584157e-001,    -5.645083e-001,    -6.065048e-001,    -6.015464e-001,    -5.528034e-001,    -5.327286e-001,    -4.566348e-001,    -3.007730e-001 
  -1.890441e-001,    -3.934194e-001,    -4.473674e-001,    -5.516698e-001,    -5.923269e-001,    -5.889812e-001,    -5.418246e-001,    -5.234601e-001,    -4.498647e-001,    -3.002167e-001 
  -1.924863e-001,    -4.053768e-001,    -4.620651e-001,    -5.698433e-001,    -6.123779e-001,    -6.101479e-001,    -5.611308e-001,    -5.414421e-001,    -4.651577e-001,    -3.111568e-001 
  -1.882340e-001,    -4.085971e-001,    -4.637831e-001,    -5.742818e-001,    -6.157151e-001,    -6.174535e-001,    -5.696618e-001,    -5.539939e-001,    -4.795866e-001,    -3.322545e-001 
  -1.786691e-001,    -3.997325e-001,    -4.504603e-001,    -5.606571e-001,    -5.989151e-001,    -6.046733e-001,    -5.602527e-001,    -5.507087e-001,    -4.813514e-001,    -3.469111e-001 
  -1.806325e-001,    -4.054295e-001,    -4.563310e-001,    -5.683684e-001,    -6.067986e-001,    -6.131103e-001,    -5.684202e-001,    -5.596173e-001,    -4.897923e-001,    -3.547849e-001 
  -1.811892e-001,    -3.990342e-001,    -4.493782e-001,    -5.587605e-001,    -5.968470e-001,    -6.008894e-001,    -5.564687e-001,    -5.465145e-001,    -4.770225e-001,    -3.409159e-001 
  -1.885424e-001,    -4.181949e-001,    -4.731104e-001,    -5.875724e-001,    -6.288401e-001,    -6.334904e-001,    -5.858261e-001,    -5.729917e-001,    -4.987394e-001,    -3.538403e-001 
  -1.876485e-001,    -3.997566e-001,    -4.514722e-001,    -5.592593e-001,    -5.984299e-001,    -5.984082e-001,    -5.526451e-001,    -5.392654e-001,    -4.676207e-001,    -3.241387e-001 
  -1.837681e-001,    -3.907664e-001,    -4.394882e-001,    -5.451944e-001,    -5.823101e-001,    -5.824387e-001,    -5.387187e-001,    -5.279114e-001,    -4.592248e-001,    -3.215600e-001 
  -1.842908e-001,    -3.931119e-001,    -4.437346e-001,    -5.498425e-001,    -5.882038e-001,    -5.883771e-001,    -5.435284e-001,    -5.307410e-001,    -4.605068e-001,    -3.199751e-001 
  -1.778131e-001,    -3.786237e-001,    -4.243779e-001,    -5.271973e-001,    -5.622118e-001,    -5.627758e-001,    -5.212641e-001,    -5.127433e-001,    -4.473483e-001,    -3.164478e-001 
  -1.766766e-001,    -3.765864e-001,    -4.206118e-001,    -5.232667e-001,    -5.571283e-001,    -5.580938e-001,    -5.176660e-001,    -5.111603e-001,    -4.472854e-001,    -3.195667e-001 
  -1.754746e-001,    -3.702982e-001,    -4.131713e-001,    -5.137828e-001,    -5.468624e-001,    -5.468054e-001,    -5.071386e-001,    -5.007822e-001,    -4.379963e-001,    -3.116057e-001 
  -1.786988e-001,    -3.627106e-001,    -4.036906e-001,    -5.008134e-001,    -5.327665e-001,    -5.286636e-001,    -4.897959e-001,    -4.829349e-001,    -4.210524e-001,    -2.931509e-001 
  -1.911454e-001,    -3.877352e-001,    -4.350394e-001,    -5.380207e-001,    -5.744441e-001,    -5.692944e-001,    -5.257419e-001,    -5.138498e-001,    -4.449944e-001,    -3.026805e-001 
  -2.016779e-001,    -3.932035e-001,    -4.404565e-001,    -5.431460e-001,    -5.798572e-001,    -5.698959e-001,    -5.254583e-001,    -5.120899e-001,    -4.414799e-001,    -2.917440e-001 
  -1.982944e-001,    -3.932988e-001,    -4.419251e-001,    -5.451597e-001,    -5.826561e-001,    -5.745613e-001,    -5.296347e-001,    -5.154814e-001,    -4.443939e-001,    -2.953494e-001 
  -1.894126e-001,    -3.727895e-001,    -4.170187e-001,    -5.149473e-001,    -5.493287e-001,    -5.411151e-001,    -4.994655e-001,    -4.880419e-001,    -4.218412e-001,    -2.822734e-001 
  -1.862545e-001,    -3.744319e-001,    -4.177840e-001,    -5.173673e-001,    -5.510851e-001,    -5.455335e-001,    -5.046580e-001,    -4.957112e-001,    -4.307215e-001,    -2.955550e-001 
  -1.750311e-001,    -3.632485e-001,    -4.059664e-001,    -5.038021e-001,    -5.367677e-001,    -5.347770e-001,    -4.952372e-001,    -4.873192e-001,    -4.247278e-001,    -2.972870e-001 
  -1.729836e-001,    -3.511945e-001,    -3.887672e-001,    -4.833065e-001,    -5.128814e-001,    -5.093504e-001,    -4.729207e-001,    -4.690144e-001,    -4.107198e-001,    -2.902205e-001 
  -1.652990e-001,    -3.418596e-001,    -3.780790e-001,    -4.709406e-001,    -4.994061e-001,    -4.979612e-001,    -4.629698e-001,    -4.605074e-001,    -4.045601e-001,    -2.903971e-001 
  -1.613482e-001,    -3.380259e-001,    -3.750454e-001,    -4.670965e-001,    -4.959591e-001,    -4.955985e-001,    -4.604941e-001,    -4.570975e-001,    -4.012093e-001,    -2.881837e-001 
  -1.521333e-001,    -3.109437e-001,    -3.448419e-001,    -4.286487e-001,    -4.552115e-001,    -4.525984e-001,    -4.200728e-001,    -4.160893e-001,    -3.641657e-001,    -2.573402e-001 
  -1.556689e-001,    -3.014450e-001,    -3.304249e-001,    -4.105793e-001,    -4.340682e-001,    -4.272051e-001,    -3.971756e-001,    -3.960004e-001,    -3.472485e-001,    -2.429504e-001 
  -1.542470e-001,    -3.144327e-001,    -3.449426e-001,    -4.304675e-001,    -4.549028e-001,    -4.527511e-001,    -4.219731e-001,    -4.227047e-001,    -3.730210e-001,    -2.705741e-001 
  -1.559084e-001,    -3.093637e-001,    -3.391260e-001,    -4.223200e-001,    -4.463224e-001,    -4.416724e-001,    -4.111762e-001,    -4.110422e-001,    -3.616491e-001,    -2.577919e-001 
  -1.646750e-001,    -3.341088e-001,    -3.708252e-001,    -4.605130e-001,    -4.892809e-001,    -4.856631e-001,    -4.504426e-001,    -4.454386e-001,    -3.892163e-001,    -2.729644e-001 
  -1.644396e-001,    -3.227489e-001,    -3.541510e-001,    -4.404272e-001,    -4.657502e-001,    -4.597175e-001,    -4.275461e-001,    -4.264409e-001,    -3.743365e-001,    -2.639423e-001 
  -1.634577e-001,    -3.191515e-001,    -3.481869e-001,    -4.337631e-001,    -4.575251e-001,    -4.514278e-001,    -4.206905e-001,    -4.219639e-001,    -3.718427e-001,    -2.651347e-001 
  -1.692971e-001,    -3.295947e-001,    -3.639384e-001,    -4.511811e-001,    -4.785549e-001,    -4.710921e-001,    -4.368227e-001,    -4.323590e-001,    -3.771701e-001,    -2.597188e-001 
  -1.667577e-001,    -3.197683e-001,    -3.497372e-001,    -4.345469e-001,    -4.590134e-001,    -4.508725e-001,    -4.193167e-001,    -4.186051e-001,    -3.672055e-001,    -2.564223e-001 
  -1.614776e-001,    -2.984228e-001,    -3.222703e-001,    -4.009504e-001,    -4.212962e-001,    -4.108679e-001,    -3.832593e-001,    -3.862558e-001,    -3.404528e-001,    -2.386491e-001 
  -1.613841e-001,    -3.002361e-001,    -3.275454e-001,    -4.061939e-001,    -4.287762e-001,    -4.182991e-001,    -3.887256e-001,    -3.877558e-001,    -3.393123e-001,    -2.325800e-001 
  -1.578061e-001,    -2.964831e-001,    -3.243478e-001,    -4.021852e-001,    -4.250179e-001,    -4.154667e-001,    -3.858873e-001,    -3.842151e-001,    -3.359549e-001,    -2.304518e-001 
  -1.466336e-001,    -2.776153e-001,    -3.011607e-001,    -3.749126e-001,    -3.946107e-001,    -3.868737e-001,    -3.607258e-001,    -3.627767e-001,    -3.197337e-001,    -2.258852e-001 
  -1.398920e-001,    -2.751309e-001,    -2.965628e-001,    -3.714215e-001,    -3.895471e-001,    -3.856364e-001,    -3.612782e-001,    -3.673230e-001,    -3.270501e-001,    -2.415614e-001 
  -1.428040e-001,    -2.800670e-001,    -3.007863e-001,    -3.771452e-001,    -3.948985e-001,    -3.908837e-001,    -3.666789e-001,    -3.741367e-001,    -3.339147e-001,    -2.482789e-001 
  -1.356243e-001,    -2.680058e-001,    -2.859107e-001,    -3.596796e-001,    -3.753936e-001,    -3.725725e-001,    -3.505950e-001,    -3.605125e-001,    -3.236730e-001,    -2.456025e-001 
  -1.336107e-001,    -2.685524e-001,    -2.859694e-001,    -3.605693e-001,    -3.759064e-001,    -3.746094e-001,    -3.530847e-001,    -3.643549e-001,    -3.282327e-001,    -2.527383e-001 
  -1.311543e-001,    -2.497187e-001,    -2.635370e-001,    -3.317722e-001,    -3.447065e-001,    -3.396638e-001,    -3.204032e-001,    -3.319842e-001,    -2.990417e-001,    -2.268015e-001 
  -1.348329e-001,    -2.560737e-001,    -2.693110e-001,    -3.394165e-001,    -3.520870e-001,    -3.468878e-001,    -3.276390e-001,    -3.406239e-001,    -3.075006e-001,    -2.346016e-001 
  -1.280572e-001,    -2.452685e-001,    -2.563199e-001,    -3.241108e-001,    -3.351609e-001,    -3.311789e-001,    -3.137641e-001,    -3.286168e-001,    -2.983249e-001,    -2.319637e-001 
  -1.190900e-001,    -2.428768e-001,    -2.555852e-001,    -3.241869e-001,    -3.360356e-001,    -3.365512e-001,    -3.189706e-001,    -3.335995e-001,    -3.035636e-001,    -2.415230e-001 
  -1.247770e-001,    -2.557396e-001,    -2.736341e-001,    -3.449701e-001,    -3.603469e-001,    -3.603851e-001,    -3.393551e-001,    -3.490970e-001,    -3.141130e-001,    -2.422193e-001 
  -1.268946e-001,    -2.604054e-001,    -2.798474e-001,    -3.522395e-001,    -3.686819e-001,    -3.685787e-001,    -3.464829e-001,    -3.548682e-001,    -3.183361e-001,    -2.433464e-001 
  -1.291733e-001,    -2.619770e-001,    -2.833630e-001,    -3.553980e-001,    -3.731674e-001,    -3.717607e-001,    -3.483591e-001,    -3.539995e-001,    -3.155875e-001,    -2.360144e-001 
  -1.334374e-001,    -2.667775e-001,    -2.900790e-001,    -3.626169e-001,    -3.817553e-001,    -3.788405e-001,    -3.539771e-001,    -3.572080e-001,    -3.166000e-001,    -2.315931e-001 
  -1.376389e-001,    -2.694781e-001,    -2.941330e-001,    -3.664499e-001,    -3.865918e-001,    -3.816514e-001,    -3.556520e-001,    -3.566556e-001,    -3.142934e-001,    -2.242915e-001 
  -1.368308e-001,    -2.616643e-001,    -2.804672e-001,    -3.511062e-001,    -3.674378e-001,    -3.616725e-001,    -3.390784e-001,    -3.457904e-001,    -3.080563e-001,    -2.260718e-001 
  -1.314734e-001,    -2.543814e-001,    -2.697951e-001,    -3.395126e-001,    -3.534887e-001,    -3.494143e-001,    -3.292168e-001,    -3.398920e-001,    -3.056709e-001,    -2.317605e-001 
  -1.345442e-001,    -2.584450e-001,    -2.746924e-001,    -3.451501e-001,    -3.597590e-001,    -3.548991e-001,    -3.339599e-001,    -3.437685e-001,    -3.083848e-001,    -2.315612e-001 
  -1.349471e-001,    -2.582611e-001,    -2.780156e-001,    -3.474829e-001,    -3.643728e-001,    -3.585111e-001,    -3.355382e-001,    -3.406448e-001,    -3.025013e-001,    -2.197917e-001 
  -1.374019e-001,    -2.597348e-001,    -2.800644e-001,    -3.494097e-001,    -3.667464e-001,    -3.597107e-001,    -3.361969e-001,    -3.402534e-001,    -3.012504e-001,    -2.159366e-001 
  -1.325898e-001,    -2.489746e-001,    -2.666687e-001,    -3.333437e-001,    -3.488290e-001,    -3.418906e-001,    -3.202965e-001,    -3.262538e-001,    -2.900927e-001,    -2.103937e-001 
  -1.399205e-001,    -2.459249e-001,    -2.638469e-001,    -3.274178e-001,    -3.432738e-001,    -3.307555e-001,    -3.083952e-001,    -3.111472e-001,    -2.735627e-001,    -1.866660e-001 
  -1.474469e-001,    -2.649904e-001,    -2.886309e-001,    -3.569330e-001,    -3.767174e-001,    -3.644424e-001,    -3.381697e-001,    -3.364825e-001,    -2.932281e-001,    -1.955709e-001 
  -1.470205e-001,    -2.717566e-001,    -2.970898e-001,    -3.679046e-001,    -3.887711e-001,    -3.785781e-001,    -3.513777e-001,    -3.494352e-001,    -3.049546e-001,    -2.065932e-001 
  -1.471681e-001,    -2.746383e-001,    -3.027149e-001,    -3.740491e-001,    -3.966947e-001,    -3.867841e-001,    -3.580073e-001,    -3.532456e-001,    -3.066347e-001,    -2.045235e-001 
  -1.468563e-001,    -2.650635e-001,    -2.927177e-001,    -3.602602e-001,    -3.826230e-001,    -3.699468e-001,    -3.414379e-001,    -3.347462e-001,    -2.885126e-001,    -1.850647e-001 
  -1.509246e-001,    -2.571804e-001,    -2.827664e-001,    -3.465326e-001,    -3.676815e-001,    -3.503742e-001,    -3.226908e-001,    -3.154007e-001,    -2.700610e-001,    -1.646024e-001 
  -1.517969e-001,    -2.493375e-001,    -2.745190e-001,    -3.349180e-001,    -3.558318e-001,    -3.355683e-001,    -3.080397e-001,    -2.989224e-001,    -2.537447e-001,    -1.463414e-001 
  -1.500835e-001,    -2.423375e-001,    -2.659432e-001,    -3.242272e-001,    -3.440694e-001,    -3.229592e-001,    -2.964775e-001,    -2.880127e-001,    -2.443360e-001,    -1.391847e-001 
  -1.504644e-001,    -2.308738e-001,    -2.517499e-001,    -3.058276e-001,    -3.239157e-001,    -2.994636e-001,    -2.745044e-001,    -2.663905e-001,    -2.247433e-001,    -1.208529e-001 
  -1.414504e-001,    -2.173262e-001,    -2.362312e-001,    -2.873543e-001,    -3.038928e-001,    -2.811378e-001,    -2.580845e-001,    -2.514647e-001,    -2.128653e-001,    -1.163966e-001 
  -1.375778e-001,    -2.038257e-001,    -2.210227e-001,    -2.678956e-001,    -2.832111e-001,    -2.589143e-001,    -2.371706e-001,    -2.302492e-001,    -1.936201e-001,    -9.987912e-002 
  -1.342847e-001,    -2.073077e-001,    -2.258602e-001,    -2.746632e-001,    -2.907553e-001,    -2.693486e-001,    -2.471182e-001,    -2.403164e-001,    -2.032081e-001,    -1.109103e-001 
  -1.380847e-001,    -2.134812e-001,    -2.324738e-001,    -2.828047e-001,    -2.992974e-001,    -2.773992e-001,    -2.545881e-001,    -2.477858e-001,    -2.096924e-001,    -1.149885e-001 
